"vst.mean"	"vst.variance"	"vst.variance.expected"	"vst.variance.standardized"	"vst.variable"
"681"	1910.361	570616.655334335	184782.660012981	3.08804221832422	1
"4311"	1725.781	461174.966005005	157754.800649409	2.92336565420858	1
"158"	91.221	1306.45661561562	2905.27037912602	0.449685036202596	0
"3503"	91.63	1327.86696696697	2923.31365107858	0.45423349166691	0
"2904"	91.254	1310.36384784785	2906.72538875978	0.450804143010888	0
"2261"	91.323	1330.67334434435	2909.76813844933	0.457312500869395	0
"2133"	91.219	1323.38041941942	2905.1822012692	0.455524069657755	0
"542"	91.216	1302.3516956957	2905.04993545808	0.448306130576147	0
"2199"	91.129	1303.01337237237	2901.21473558974	0.449126828286121	0
"3366"	91.081	1313.71615515515	2899.09918441321	0.453146329804186	0
"3083"	90.84	1258.14654654655	2888.48188750374	0.435573631944722	0
"2553"	91.098	1285.15955555555	2899.84840785486	0.443181633934529	0
"4756"	91.086	1320.48508908909	2899.31954034706	0.455446552445553	0
"3882"	91.099	1307.00820720721	2899.89248099254	0.450709195521573	0
"3996"	90.962	1307.8444004004	2893.85567327592	0.451938364610936	0
"2159"	91.381	1375.32716616617	2912.32628993495	0.472243502013947	0
"4256"	90.671	1267.53429329329	2881.04108018828	0.439957035673528	0
"3766"	90.837	1293.39382482482	2888.34976967303	0.447796814085727	0
"4652"	90.877	1291.67554654654	2890.11143724475	0.44692932248244	0
"4345"	90.9	1308.46046046047	2891.12449055238	0.452578387660666	0
"759"	90.859	1286.94005905906	2889.31866102015	0.445412988335688	0
"3797"	90.751	1291.02402302302	2884.56289112636	0.447563139286905	0
"1325"	90.851	1327.80860760761	2888.96632959137	0.459613735891281	0
"4741"	90.961	1323.10658558558	2893.81161796836	0.457219321869504	0
"3045"	90.8	1332.8008008008	2886.72041295022	0.461700688027034	0
"4071"	90.841	1307.00472372372	2888.52592704147	0.452481562131036	0
"2729"	90.564	1277.55345745746	2876.33196533316	0.444160643783508	0
"412"	90.733	1308.51622722723	2883.77041079696	0.453751873702597	0
"993"	90.172	1210.50291891892	2859.09268791578	0.423387085013096	0
"1254"	90.951	1343.72232132132	2893.3710720564	0.46441409962888	0
"198"	90.411	1270.15423323323	2869.6009734124	0.44262399023472	0
"1516"	90.597	1298.26885985986	2877.78414953118	0.451134898380535	0
"4969"	90.059	1224.76428328328	2854.12694687656	0.429120465234952	0
"4282"	90.515	1302.18395895896	2874.17595463657	0.453063410003933	0
"4996"	90.313	1272.52155255255	2865.29123029587	0.444115955508351	0
"1028"	90.535	1311.65643143143	2875.05592105728	0.456219450141712	0
"1984"	90.629	1321.18854754755	2879.19246413974	0.458874689345332	0
"2027"	90.191	1252.38890790791	2859.92780032117	0.437909274411497	0
"3201"	90.224	1281.75758158158	2861.37837139711	0.447951097413151	0
"4432"	89.848	1242.06496096096	2844.85913172424	0.4365998116076	0
"2911"	89.566	1217.60725125125	2832.48192980639	0.429872910551798	0
"4800"	90.166	1317.6581021021	2858.82897806124	0.46090833422141	0
"714"	90.378	1329.15827427427	2868.14959278899	0.463420135970593	0
"824"	90.134	1315.40745145145	2857.42260539056	0.460347534512366	0
"3147"	89.584	1256.07501901902	2833.27165008242	0.443330246495242	0
"3343"	89.38	1237.70330330331	2824.3239976557	0.438229928411417	0
"2564"	89.361	1230.27895795796	2823.49091844055	0.435729737936418	0
"1926"	89.064	1171.02693093093	2810.47480172756	0.416665159285939	0
"4011"	89.198	1210.86766366366	2816.34594297076	0.429942801127054	0
"2064"	89.138	1198.13308908909	2813.71677873148	0.425818653158564	0
"364"	88.96	1189.22762762763	2805.91974088776	0.423828098251795	0
"911"	89.011	1228.37525425425	2808.15329279373	0.437431694846043	0
"3558"	88.91	1209.31721721722	2803.73032032736	0.431324371124259	0
"3260"	88.698	1182.6054014014	2794.45087940312	0.423197777466034	0
"108"	88.945	1235.51148648649	2805.26287975847	0.440426277124112	0
"2266"	88.289	1157.98746646647	2776.56553401406	0.417057495053024	0
"3718"	88.491	1207.42334234234	2785.39608454474	0.433483535444723	0
"4361"	87.922	1134.1841001001	2760.53592726251	0.410856489458847	0
"1655"	88.006	1160.37433833834	2764.20323044891	0.41978618849595	0
"842"	86.886	1089.76076476477	2715.3843039304	0.401328372999498	0
"809"	86.886	1139.51051451451	2715.3843039304	0.419649812685859	0
"2770"	86.521	1077.8373963964	2699.51140901594	0.399271287684352	0
"2377"	86.14	1040.41481481482	2682.96217664033	0.387785867379482	0
"190"	86.579	1102.02578478479	2702.0324601776	0.407850683152917	0
"226"	86.607	1117.69024124124	2703.24968412894	0.413461711584882	0
"4097"	85.822	1003.12143743744	2669.16471445356	0.375818484339135	0
"3960"	85.7	1006.56256256256	2663.87505115125	0.377856522259765	0
"653"	85.032	979.800776776777	2634.94853742354	0.371848164342073	0
"3035"	84.691	985.495014014013	2620.20610341055	0.376113547988176	0
"3584"	84.676	1004.59962362362	2619.55798240176	0.383499670697324	0
"640"	84.737	1009.94777877878	2622.19387081845	0.385153740925933	0
"1388"	83.986	928.226030030029	2589.77855265039	0.358419073738981	0
"1968"	83.895	940.936911911913	2585.8561241467	0.363878292811983	0
"4578"	83.504	938.778762762762	2569.0159442674	0.365423486318794	0
"2716"	83.669	979.324763763765	2576.11977275743	0.380154981193096	0
"2509"	79.123	3798.77264364365	2381.83777102741	1.59489142789311	1
"3178"	67.751	3090.5975965966	1909.89074515066	1.61820648874488	1
"3856"	57.469	2072.97401301301	1502.96287099066	1.37925829907337	1
"3305"	52.875	1775.49286786787	1328.2285850106	1.33673743202394	1
"4909"	49.812	1864.88754354354	1214.46835477423	1.53555877863135	1
"4403"	43.951	1245.56216116116	1003.57733797066	1.24112224741923	0
"2530"	43.029	1509.26742642643	971.282347323994	1.55389154408566	1
"2812"	38.69	984.16206206206	822.851022307657	1.19603918009607	0
"4995"	39.829	1175.95371271272	861.22506641681	1.36544297021608	1
"3929"	37.741	921.243162162162	791.21589504811	1.16433854265042	0
"2693"	54.162	3162.04379979981	1376.69814399204	2.29683159928636	1
"4031"	30.374	593.285409409409	557.202700568782	1.06475688076134	0
"3290"	29.527	520.806077077077	531.755803680588	0.979408355249307	0
"4525"	28.506	448.34631031031	501.527594718495	0.89396139919672	0
"3140"	29.96	613.636036036035	544.723495822	1.12650921199947	0
"2314"	83.83	16918.3774774775	2583.05510583759	6.54975476103574	1
"4327"	27.407	467.52887987988	469.556684740703	0.995681448211215	0
"2972"	26.995	455.808783783784	457.727794983953	0.995807527484241	0
"1379"	71.778	12087.7344504504	2074.5854137492	5.82657834685408	1
"4895"	21.11	242.366266266267	299.128891501358	0.810240244764742	0
"1552"	55.562	6678.94710310309	1429.85503080206	4.67106591872926	1
"2755"	18.66	186.024424424424	239.631608224122	0.776293352129242	0
"254"	51.592	6473.62716316316	1280.29910875447	5.05633966226924	1
"4738"	17.293	146.737888888889	208.384645974309	0.704168429505981	0
"4922"	17.388	165.492948948949	210.507981474513	0.786159972604109	0
"3449"	15.771	120.63119019019	175.401204640224	0.687744365482691	0
"2841"	15.958	125.77401001001	179.345912614028	0.701292871283267	0
"1726"	34.812	2875.55621221221	695.616292577898	4.13382527536213	1
"3916"	22.052	921.841137137137	323.106438911281	2.85305715430282	1
"4489"	12.45	79.4729729729727	110.878138608266	0.716759624309284	0
"654"	24.763	1395.20403503504	395.207907930019	3.53030394139301	1
"2316"	24.821	1385.033992993	396.797898591536	3.4905275403657	1
"2468"	19.32	685.224824824824	255.233342053345	2.684699496203	1
"1816"	18.999	818.243242242244	247.604550034278	3.30463734260524	1
"2235"	17.148	650.02412012012	205.158023756772	3.16840700752102	1
"429"	15.586	465.9966006006	171.529373560162	2.71671604069116	1
"500"	14.985	435.183958958959	159.165800416924	2.73415493666996	1
"386"	15.201	485.934533533533	163.57107421676	2.97078524342015	1
"363"	13.198	345.824620620621	124.44510971492	2.77893298830979	1
"532"	12.266	289.833077077078	107.633238288505	2.69278414071493	1
"1467"	12.379	286.856215215215	109.621630830768	2.61678478089839	1
"3782"	8.314	97.6490530530529	47.7532781231506	2.0448659629445	1
"1856"	20.896	3082.87005405405	293.763908204156	10.4943799015349	1
"3962"	3.948	5.71701301301302	8.06750385772098	0.708647075209211	0
"1876"	4.026	7.02234634634633	8.48814060365505	0.827312679448598	0
"4791"	3.874	6.63275675675674	7.67879985437467	0.863775183953777	0
"2971"	3.747	5.68667767767768	7.03525739703704	0.80831124673173	0
"4560"	3.774	5.92084484484487	7.16957940430659	0.825828756605769	0
"1334"	3.768	6.38055655655651	7.13961361757681	0.893683733927628	0
"3138"	3.796	6.03642042042043	7.28002314767419	0.82917599270943	0
"1927"	3.707	5.56671771771769	6.83873938141376	0.81399764009825	0
"641"	3.764	5.76206606606607	7.11967339244146	0.809316066686899	0
"2023"	3.8	6.05005005005003	7.30019991092754	0.828751284056453	0
"1042"	3.821	6.67163063063065	7.40661283691473	0.900766757697808	0
"3362"	3.744	5.87433833833833	7.02041591814995	0.836750757622685	0
"1188"	3.746	5.521005005005	7.0303083885505	0.785314768552181	0
"3726"	3.705	5.49747247247245	6.82899115655482	0.805019708832937	0
"4275"	3.777	6.11738838838839	7.18458724824982	0.851459962418664	0
"1553"	3.724	6.07990390390391	6.92189800112305	0.878357916126107	0
"4558"	3.662	5.69144744744744	6.62119417953819	0.859580204585447	0
"3940"	3.745	6.37635135135135	7.02536122891373	0.907619002580068	0
"724"	3.695	5.9038788788789	6.78036101901939	0.870732231265865	0
"2367"	3.693	5.82457557557559	6.77065718993506	0.860267387962594	0
"2636"	3.62	5.27287287287287	6.42470407389445	0.820718403871419	0
"4669"	3.667	5.65977077077079	6.64518084794352	0.85171057045382	0
"2662"	3.713	5.83246346346346	6.86802844787506	0.84921946781802	0
"4175"	3.569	4.93817717717718	6.20417623093529	0.795944053386886	0
"2664"	3.704	6.16454854854854	6.82411981870716	0.903347056077398	0
"2996"	3.652	5.8187147147147	6.57335963098531	0.885196465942108	0
"1355"	3.658	5.74478078078078	6.60203815344176	0.870152617610353	0
"74"	3.717	6.2892002002002	6.88759148381366	0.913120386855154	0
"4863"	3.661	5.83991891891896	6.61640239724829	0.882642646001659	0
"1848"	3.73	6.14524524524531	6.95137571189289	0.884032959796943	0
"2000"	3.602	5.26686286286286	6.34462283879955	0.830130174272018	0
"3376"	3.682	6.26313913913914	6.71741840574335	0.932372938655151	0
"1093"	3.66	5.69609609609611	6.61161246545862	0.861529033326516	0
"524"	3.655	5.83981481481479	6.58769056455169	0.886473758533655	0
"1782"	3.651	6.09929829829828	6.56858950972968	0.928555253645207	0
"1181"	3.719	6.72476376376377	6.89738409878291	0.974973072030367	0
"3812"	3.586	5.15776176176179	6.27551395009757	0.821886749479946	0
"4337"	3.629	5.78514414414414	6.46568967641702	0.89474509815169	0
"1481"	3.647	5.87626726726729	6.54959044749414	0.897196139877037	0
"3441"	3.582	5.52079679679682	6.25853657468508	0.882122638561806	0
"637"	3.634	6.11015415415414	6.48873570287821	0.941655575745497	0
"3917"	3.528	5.24846446446448	6.04070106786479	0.868850222101721	0
"4148"	3.505	5.20117617617618	5.95411828254071	0.873542635427253	0
"406"	3.557	5.69644744744747	6.15509108563415	0.925485483186897	0
"4746"	3.52	5.36296296296295	6.01017651840788	0.892313719328766	0
"4700"	3.483	5.29100200200199	5.87461995447039	0.900654347516674	0
"4848"	3.485	5.10287787787787	5.88171536019894	0.867583275520031	0
"3112"	3.415	5.16594094094095	5.6484799672743	0.914571879668678	0
"834"	3.269	4.97961861861861	5.25412535069982	0.947754057286694	0
"813"	7.253	475.89088188188	35.2669750133996	9.74363172058468	1
"1056"	9.3	508.656656656658	60.8105292543827	8.36461486018061	1
"2460"	4.79	149.261161161162	13.1956617061624	11.3113813073471	1
"2961"	1.059	1.37489389389389	2.91062582584559	0.472370540275291	0
"2925"	1.067	1.60011111111112	3.00309578422632	0.532820537898143	0
"4600"	1.065	1.47625125125126	2.98000281121388	0.495385858595854	0
"2631"	1.027	1.40367467467467	2.53994247443205	0.55264034079691	0
"4458"	1.056	1.64450850850851	2.87589298985981	0.571825347572706	0
"4814"	1.028	1.37659259259259	2.55149959725667	0.539522951158873	0
"4029"	1.034	1.40024424424425	2.62091948299292	0.534256871807928	0
"3944"	0.998	1.26125725725726	2.18973917563383	0.575985154438397	0
"2521"	1.027	1.48976076076076	2.53994247443205	0.586533268275646	0
"3217"	1.012	1.34520120120119	2.36707697487204	0.568296348399873	0
"4286"	1.015	1.39216716716717	2.40166156207428	0.579668338433488	0
"4803"	0.997	1.29628728728728	2.1773440158944	0.595352538608742	0
"2969"	1.019	1.364003003003	2.44766068090422	0.557268012533135	0
"2763"	1.013	1.37820920920921	2.37870420656132	0.579394951842947	0
"3276"	1.033	1.4994104104104	2.60934150318097	0.574631725507192	0
"2908"	1.004	1.38737137137137	2.26664344062055	0.612081876888205	0
"3404"	1.024	1.50492892892894	2.50529790931749	0.600698592902635	0
"4792"	1.014	1.2991031031031	2.39017916540661	0.543517039184846	0
"4685"	1.023	1.57604704704705	2.49375945247988	0.631996420296182	0
"4478"	1.001	1.33433333333333	2.22782966252845	0.598938669224357	0
"2679"	1.016	1.40114514514515	2.41315115407556	0.580628835777136	0
"3885"	1.011	1.33821721721722	2.35516163453338	0.568206104241482	0
"2751"	1.014	1.38719119119119	2.39017916540661	0.58037121704858	0
"3491"	1.016	1.48322722722723	2.41315115407556	0.614643315949028	0
"3895"	0.981	1.24188088088088	1.98683396766371	0.625055188854655	0
"3768"	1.005	1.37034534534535	2.27959623909604	0.601135114123873	0
"3086"	1.003	1.30229329329329	2.25367679650034	0.577852731729581	0
"3210"	0.99	1.33323323323323	2.08926419145137	0.638135300785995	0
"4006"	0.991	1.42634534534535	2.10202127835048	0.678558947064816	0
"2831"	0.999	1.39639539539539	2.20230487294716	0.634060893452374	0
"3172"	1.008	1.43737337337337	2.31804308121093	0.620080526123137	0
"3473"	0.996	1.41139539539539	2.16514833104937	0.65187007058835	0
"3167"	1.005	1.37635135135135	2.27959623909604	0.603769793854872	0
"3168"	1.002	1.43943543543543	2.24072836337419	0.642396222122996	0
"2515"	1.005	1.5224974974975	2.27959623909604	0.667880333975828	0
"2777"	1.003	1.47046146146146	2.25367679650034	0.652472201757098	0
"4835"	0.999	1.47847747747747	2.20230487294716	0.671331883082541	0
"3743"	1.018	1.51118718718718	2.43615095534789	0.620317548003254	0
"3283"	0.976	1.27670070070071	1.93926609067822	0.658342198029253	0
"2960"	0.977	1.30777877877878	1.94815322145631	0.671291541330191	0
"3649"	1.028	1.49871471471471	2.55149959725667	0.587385832365449	0
"3351"	1.007	1.36231331331331	2.30532942471002	0.590940842862265	0
"2696"	0.987	1.34417517517518	2.05221498758895	0.654987505356047	0
"3350"	0.99	1.27317317317317	2.08926419145137	0.60938830923471	0
"2683"	0.988	1.40325925925925	2.06428147224683	0.679780968886917	0
"3528"	1.003	1.4144054054054	2.25367679650034	0.627599045081259	0
"3910"	1.008	1.41935535535535	2.31804308121093	0.612307582572577	0
"3780"	0.986	1.27908308308308	2.04053558400652	0.626836940805336	0
"3215"	1.001	1.40640540540541	2.22782966252845	0.631289469325598	0
"4513"	0.991	1.3742932932933	2.10202127835048	0.653796090195498	0
"4757"	1.015	1.4221971971972	2.40166156207428	0.592172194307374	0
"3392"	0.99	1.3072072072072	2.08926419145137	0.625678271113771	0
"2874"	1.029	1.62378278278279	2.56306078972153	0.633532684552206	0
"2797"	0.974	1.26859259259259	1.9248735544064	0.659052429541948	0
"2837"	1.006	1.47744144144145	2.29250260399509	0.644466636097482	0
"2886"	1.004	1.47145545545545	2.26664344062055	0.649178176454873	0
"4494"	1.011	1.50037937937938	2.35516163453338	0.637060046062034	0
"3886"	0.98	1.31891891891892	1.97674349726153	0.667218038529568	0
"2663"	1.002	1.39739339339339	2.24072836337419	0.623633554264973	0
"3493"	0.977	1.30377477477477	1.94815322145631	0.669236259456102	0
"2861"	0.984	1.30504904904905	2.01843168619421	0.646565874869783	0
"4363"	0.993	1.37832932932933	2.12765806793268	0.647815243484384	0
"4724"	0.987	1.3661971971972	2.05221498758895	0.665718360629594	0
"4877"	0.973	1.26153253253253	1.91934124611732	0.65727370528014	0
"2534"	1.004	1.43141541541541	2.26664344062055	0.631513271899317	0
"3130"	0.992	1.35529129129129	2.11484699445046	0.640846025668847	0
"4009"	0.993	1.40035135135135	2.12765806793268	0.658165601163529	0
"3349"	0.985	1.48225725725725	2.02931960586645	0.730420803589681	0
"4201"	1.003	1.47246346346346	2.25367679650034	0.653360528781235	0
"3189"	0.973	1.31358458458458	1.91934124611732	0.684393453869585	0
"4543"	0.979	1.42798698698699	1.96691657433647	0.726002823718493	0
"2823"	0.982	1.39707307307307	1.99716265620782	0.699528938582211	0
"3762"	0.975	1.24762262262263	1.93138082714942	0.645974426733865	0
"3141"	0.993	1.49044144144144	2.12765806793268	0.700507973487305	0
"4473"	0.978	1.30081681681682	1.9573782279445	0.664571005361003	0
"2654"	0.983	1.302013013013	2.00770390222144	0.648508483533053	0
"4980"	0.998	1.37136736736737	2.18973917563383	0.626269732316599	0
"4372"	0.979	1.31587487487488	1.96691657433647	0.669003907966344	0
"4970"	0.994	1.28524924924925	2.14036971849935	0.600480019008286	0
"2779"	0.977	1.28976076076076	1.94815322145631	0.662042772896797	0
"3835"	0.981	1.32396296296297	1.98683396766371	0.66636819407703	0
"3739"	1.001	1.38838738738739	2.22782966252845	0.623201769300288	0
"3529"	0.972	1.33254854854854	1.91438491751498	0.696071378517911	0
"4146"	0.983	1.30601701701701	2.00770390222144	0.650502803511997	0
"3333"	0.98	1.34094094094094	1.97674349726153	0.678358594728452	0
"2656"	0.974	1.26258658658659	1.9248735544064	0.655932221467887	0
"4759"	0.991	1.38029929929931	2.10202127835048	0.65665334291119	0
"4488"	1.004	1.43942342342342	2.26664344062055	0.635046252810427	0
"3505"	0.986	1.39119519519519	2.04053558400652	0.681779433840417	0
"3161"	0.995	1.40638138138139	2.15289569234939	0.653251054558359	0
"2987"	1.003	1.47646746746746	2.25367679650034	0.655137182829509	0
"2871"	0.993	1.40835935935936	2.12765806793268	0.661929367592309	0
"3452"	0.972	1.26848448448448	1.91438491751498	0.662606810615221	0
"2806"	0.982	1.33300900900901	1.99716265620782	0.667451399046344	0
"4110"	0.986	1.35315715715715	2.04053558400652	0.663138230846372	0
"4666"	0.976	1.35077477477478	1.93926609067822	0.69653916049363	0
"4816"	0.977	1.31979079079079	1.94815322145631	0.677457386952452	0
"3601"	0.985	1.33811311311311	2.02931960586645	0.65939002867998	0
"4136"	0.974	1.30262662662663	1.9248735544064	0.676733608628296	0
"2767"	0.995	1.4143893893894	2.15289569234939	0.656970699702554	0
"4812"	0.999	1.52852752752752	2.20230487294716	0.694058096271668	0
"3013"	1.001	1.48448348348348	2.22782966252845	0.666336169435275	0
"4737"	0.987	1.38221321321322	2.05221498758895	0.673522619010356	0
"4933"	0.93	1.12422422422423	1.6907634884466	0.664921044194722	0
"3402"	1.019	1.52416316316316	2.44766068090422	0.62270198441072	0
"3010"	0.988	1.3572132132132	2.06428147224683	0.657474879981353	0
"2952"	0.974	1.32865265265265	1.9248735544064	0.690254510282562	0
"2966"	0.969	1.31335235235235	1.89901520921893	0.691596542237564	0
"3401"	0.981	1.27391291291291	1.98683396766371	0.641177337234119	0
"2946"	0.979	1.31387287287288	1.96691657433647	0.667986070185055	0
"4787"	0.977	1.20968068068068	1.94815322145631	0.620937135415051	0
"3825"	0.995	1.45042542542544	2.15289569234939	0.673709102851437	0
"3991"	0.973	1.31558658658658	1.91934124611732	0.685436521123025	0
"4008"	1.01	1.56546546546546	2.34299398690021	0.66814745330891	0
"3742"	0.967	1.29720820820821	1.88820986469503	0.687004253321032	0
"4510"	0.977	1.34982082082082	1.94815322145631	0.692872001008108	0
"4876"	0.997	1.54853953953953	2.1773440158944	0.711205729657485	0
"4157"	0.961	1.28276176176177	1.86203780084768	0.68890210562739	0
"3956"	0.967	1.25917017017017	1.88820986469503	0.666859226674759	0
"3468"	0.971	1.25141041041042	1.90960805021767	0.655323174966591	0
"4180"	0.984	1.50925325325326	2.01843168619421	0.74773561254331	0
"4972"	0.955	1.20417917917918	1.82385134234452	0.660239763637336	0
"4499"	0.98	1.41501501501502	1.97674349726153	0.715831374670155	0
"4843"	0.988	1.43128728728728	2.06428147224683	0.693358588220739	0
"3794"	0.971	1.35551451451452	1.90960805021767	0.709839128694497	0
"4121"	0.982	1.45913513513513	1.99716265620782	0.730604055007583	0
"4377"	0.97	1.29439439439439	1.90461583167174	0.679609175178523	0
"4401"	0.955	1.29627127127127	1.82385134234452	0.710732964455836	0
"4416"	0.984	1.27301701701702	2.01843168619421	0.630696112097465	0
"4616"	0.966	1.36020420420421	1.88354513889431	0.722151105442944	0
"4859"	0.981	1.38001901901902	1.98683396766371	0.694581953741091	0
"4147"	0.984	1.38312712712713	2.01843168619421	0.685248421627308	0
"2513"	0.996	1.38937337337337	2.16514833104937	0.641698932793208	0
"4662"	0.993	1.33628728728729	2.12765806793268	0.62805546973329	0
"4512"	0.979	1.35391291291292	1.96691657433647	0.688342825810823	0
"4534"	1.022	1.64516116116116	2.48222626086193	0.662776470904747	0
"4153"	0.981	1.28392292292292	1.98683396766371	0.646215508602701	0
"4821"	1.002	1.58758358358358	2.24072836337419	0.708512289813173	0
"3200"	0.996	1.4194034034034	2.16514833104937	0.655568666150219	0
"4054"	1.04	1.64004004004005	2.69043475916668	0.609581791363716	0
"3708"	0.995	1.37635135135136	2.15289569234939	0.639302385267621	0
"2850"	0.975	1.39777277277278	1.93138082714942	0.723716810855884	0
"3236"	0.969	1.36340240240239	1.89901520921893	0.717952334338163	0
"3048"	0.985	1.31008508508508	2.02931960586645	0.645578489114205	0
"3154"	0.967	1.27318418418418	1.88820986469503	0.67428107859707	0
"2773"	0.948	1.15445045045045	1.76427821908298	0.654347164729212	0
"3839"	0.982	1.36504104104104	1.99716265620782	0.683490168814278	0
"3889"	0.981	1.44007907907908	1.98683396766371	0.724810981952584	0
"4997"	0.957	1.33848948948949	1.83885454929147	0.727893073438145	0
"4303"	0.989	1.35423323323324	2.07665749535328	0.652121611899631	0
"4950"	0.977	1.35782882882883	1.94815322145631	0.696982564756282	0
"3896"	0.972	1.45266866866866	1.91438491751498	0.758817443335453	0
"4739"	0.972	1.22844444444444	1.91438491751498	0.641691455676041	0
"4308"	0.977	1.38185285285285	1.94815322145631	0.709314256000806	0
"4761"	0.967	1.36327427427427	1.88820986469503	0.721992983811928	0
"3489"	0.974	1.25257657657658	1.9248735544064	0.650731874677785	0
"4529"	0.952	1.33903503503503	1.79981613554631	0.743984348506016	0
"3796"	0.959	1.22053953953953	1.85170968379907	0.659141954172541	0
"4277"	0.976	1.37279679679681	1.93926609067822	0.707895014199254	0
"2734"	0.933	1.14765865865866	1.66969063518913	0.68734808381354	0
"2798"	0.948	1.22852452452452	1.76427821908298	0.69633264823905	0
"2639"	0.994	1.45541941941942	2.14036971849935	0.67998505437642	0
"3826"	0.994	1.41537937937938	2.14036971849935	0.661277987230976	0
"3966"	0.974	1.34466866866867	1.9248735544064	0.698575065146725	0
"3288"	0.981	1.39603503503504	1.98683396766371	0.702643027930822	0
"3102"	0.998	1.56355955955956	2.18973917563383	0.714039177340371	0
"3711"	0.959	1.21052952952953	1.85170968379907	0.653736133758256	0
"3657"	0.957	1.27242342342342	1.83885454929147	0.691965236681551	0
"2603"	0.997	1.53052152152152	2.1773440158944	0.702930501725432	0
"2885"	0.957	1.2524034034034	1.83885454929147	0.681078013421976	0
"3272"	0.96	1.18958958958959	1.8571338651215	0.64055134200666	0
"4594"	0.983	1.31402502502502	2.00770390222144	0.654491443469884	0
"2981"	1.006	1.6315955955956	2.29250260399509	0.711709375052506	0
"3088"	0.97	1.25835835835836	1.90461583167174	0.660688805287233	0
"3293"	0.999	1.47247147147147	2.20230487294716	0.668604737499846	0
"2814"	0.982	1.44111711711711	1.99716265620782	0.72158224701312	0
"3947"	0.96	1.33573573573574	1.8571338651215	0.719245801728111	0
"4306"	0.97	1.39249249249249	1.90461583167174	0.731114626549257	0
"4709"	0.975	1.31368868868869	1.93138082714942	0.680181075747553	0
"3068"	0.953	1.27606706706707	1.80799200171271	0.705792429312881	0
"3804"	0.969	1.33937837837837	1.89901520921893	0.705301554129875	0
"2852"	0.972	1.36858458458458	1.91438491751498	0.714895197963173	0
"3421"	0.978	1.36287887887888	1.9573782279445	0.696277734891369	0
"3810"	0.981	1.26990890890891	1.98683396766371	0.639162068686686	0
"4033"	0.975	1.39176676676677	1.93138082714942	0.720607115491003	0
"4059"	0.961	1.24672572572573	1.86203780084768	0.669549095704803	0
"3329"	0.981	1.32596496496497	1.98683396766371	0.667375828350746	0
"3429"	0.963	1.29692792792792	1.87083063224787	0.693236418932069	0
"3540"	0.965	1.18696196196196	1.87918616355587	0.631636175798542	0
"3752"	0.972	1.34856456456456	1.91438491751498	0.704437520493584	0
"3162"	0.954	1.34122522522522	1.81594845575885	0.738581109486808	0
"2614"	0.991	1.46638538538539	2.10202127835048	0.697607298502753	0
"3567"	0.99	1.39929929929929	2.08926419145137	0.669756991492412	0
"3878"	0.978	1.36287887887888	1.9573782279445	0.696277734891368	0
"3143"	0.957	1.23638738738739	1.83885454929147	0.672368234814318	0
"3667"	0.976	1.34877277277278	1.93926609067822	0.695506810156753	0
"3356"	0.966	1.28813213213214	1.88354513889431	0.683887051885736	0
"4344"	0.948	1.15445045045045	1.76427821908298	0.654347164729212	0
"3155"	0.96	1.31571571571572	1.8571338651215	0.70846573875257	0
"3779"	0.945	1.23721221221221	1.73086102987915	0.714795810209322	0
"4598"	0.955	1.27024524524525	1.82385134234452	0.696463146833216	0
"4670"	0.985	1.42219719719719	2.02931960586645	0.700824647377306	0
"2552"	0.992	1.39332932932932	2.11484699445046	0.658832214805862	0
"3644"	0.954	1.14302702702703	1.81594845575885	0.629438034654666	0
"4356"	0.949	1.23763663663664	1.77398404251538	0.697659396575947	0
"3631"	0.959	1.37269169169168	1.85170968379907	0.741310424469671	0
"4168"	0.975	1.37775275275276	1.93138082714942	0.713351159639614	0
"2550"	1.011	1.6184974974975	2.35516163453338	0.68721291726466	0
"3712"	0.989	1.30818718718719	2.07665749535328	0.629948458094018	0
"4609"	0.99	1.59349349349349	2.08926419145137	0.762705597508242	0
"4695"	0.992	1.48341941941941	2.11484699445046	0.701431083814586	0
"3274"	0.96	1.23763763763764	1.8571338651215	0.66642349314796	0
"4565"	0.998	1.51551151151151	2.18973917563383	0.692096816084428	0
"3173"	0.944	1.28214614614615	1.72228273459438	0.74444579881834	0
"4537"	0.973	1.29356456456456	1.91934124611732	0.673962781335183	0
"3033"	0.982	1.44512112112112	1.99716265620782	0.72358709323411	0
"3663"	0.961	1.37685585585586	1.86203780084768	0.739434964869699	0
"4824"	0.983	1.53624724724724	2.00770390222144	0.765176202301275	0
"4496"	0.974	1.3746986986987	1.9248735544064	0.714176105517031	0
"3046"	0.942	1.32796396396397	1.70410842298715	0.779271991177745	0
"3338"	0.991	1.40632532532533	2.10202127835048	0.669034771345847	0
"4806"	0.932	1.18055655655656	1.67368154598259	0.705365103289987	0
"3247"	0.963	1.2769079079079	1.87083063224787	0.682535279195029	0
"3899"	0.967	1.26317417417417	1.88820986469503	0.668979755795419	0
"4123"	0.994	1.48945345345346	2.14036971849935	0.695886061450046	0
"3227"	0.958	1.2695055055055	1.84563016516264	0.687843929660541	0
"4539"	0.987	1.43226326326327	2.05221498758895	0.697910926450237	0
"2985"	0.986	1.45325725725725	2.04053558400652	0.712194028199123	0
"2685"	0.98	1.41501501501502	1.97674349726153	0.715831374670155	0
"3847"	0.977	1.31979079079079	1.94815322145631	0.677457386952453	0
"4406"	1.003	1.53652752752753	2.25367679650034	0.681786993553622	0
"3357"	0.972	1.41663263263262	1.91438491751498	0.73999362389019	0
"4720"	0.976	1.38681081081082	1.93926609067822	0.71512146655738	0
"4498"	0.956	1.2332972972973	1.83154059998836	0.673366070784963	0
"3942"	0.99	1.5054054054054	2.08926419145137	0.72054334323302	0
"3851"	0.97	1.39649649649649	1.90461583167174	0.733216889870512	0
"4748"	0.948	1.18047647647648	1.76427821908298	0.669098821097533	0
"4015"	0.974	1.32865265265265	1.9248735544064	0.690254510282562	0
"2713"	0.97	1.32042042042042	1.90461583167174	0.693273886766677	0
"907"	2.976	95.9313553553554	4.7792947245906	19.8627633613601	1
"4919"	0.952	1.22492092092092	1.79981613554631	0.680581142000438	0
"2627"	0.966	1.27411811811812	1.88354513889431	0.676446819249611	0
"4293"	0.949	1.21561461461462	1.77398404251538	0.685245518269129	0
"4810"	0.968	1.39437037037037	1.89331977948195	0.736468495962101	0
"4141"	0.967	1.37328428428428	1.88820986469503	0.727294306613579	0
"3841"	0.971	1.29545445445446	1.90960805021767	0.678387616928398	0
"3892"	0.963	1.23686786786787	1.87083063224787	0.661132999720947	0
"3320"	0.976	1.39281681681683	1.93926609067822	0.718218517568005	0
"3817"	0.969	1.38342242242241	1.89901520921893	0.728494651178403	0
"4487"	0.997	1.45244344344344	2.1773440158944	0.667071180686535	0
"2673"	0.957	1.30845945945946	1.83885454929147	0.711562238548785	0
"4883"	0.989	1.5203993993994	2.07665749535328	0.732137775632928	0
"2629"	0.972	1.41863463463463	1.91438491751498	0.74103939163715	0
"3588"	0.967	1.28319419419419	1.88820986469503	0.67958240139872	0
"4968"	0.984	1.4551991991992	2.01843168619421	0.720955387865023	0
"3059"	0.953	1.27806906906907	1.80799200171271	0.706899736203678	0
"2565"	0.98	1.42702702702703	1.97674349726153	0.721908041687729	0
"4850"	0.968	1.40237837837838	1.89331977948195	0.740698107935097	0
"3280"	0.97	1.31441441441441	1.90461583167174	0.690120491784795	0
"3363"	0.986	1.46927327327327	2.04053558400652	0.720042955775563	0
"3214"	0.96	1.35575575575576	1.8571338651215	0.730025864703652	0
"2829"	0.972	1.3886046046046	1.91438491751498	0.725352875432763	0
"2702"	0.958	1.27350950950951	1.84563016516264	0.690013380550314	0
"2998"	0.949	1.35575475475476	1.77398404251538	0.76424292567615	0
"3440"	0.956	1.24530930930931	1.83154059998836	0.679924490517559	0
"4252"	0.957	1.27242342342342	1.83885454929147	0.691965236681551	0
"3271"	0.97	1.37247247247247	1.90461583167174	0.720603309942984	0
"4126"	0.976	1.39481881881883	1.93926609067822	0.71925086790488	0
"3720"	0.98	1.44104104104104	1.97674349726153	0.728997486541565	0
"4164"	0.973	1.3336046046046	1.91934124611732	0.694824126403986	0
"4533"	0.952	1.27296896896896	1.79981613554631	0.707277228950155	0
"4094"	0.964	1.35205605605607	1.87499411826544	0.721098825262899	0
"3072"	0.98	1.46506506506507	1.97674349726153	0.741150820576711	0
"2955"	0.947	1.33352452452452	1.75304601849698	0.760689970744669	0
"3015"	0.984	1.40314714714715	2.01843168619421	0.695167023360007	0
"3904"	0.965	1.37715215215215	1.87918616355587	0.732844983035769	0
"3898"	0.961	1.3187977977978	1.86203780084768	0.708255115549976	0
"3119"	0.936	1.20510910910911	1.6729477361561	0.720350721701602	0
"3848"	0.964	1.30801201201202	1.87499411826544	0.697608594752315	0
"4747"	0.982	1.35903503503503	1.99716265620782	0.68048289948279	0
"2953"	0.964	1.32603003003004	1.87499411826544	0.707218234506645	0
"4378"	0.972	1.2925085085085	1.91438491751498	0.67515602357873	0
"2540"	0.971	1.34150050050051	1.90960805021767	0.702500442615741	0
"3744"	0.951	1.3059049049049	1.79128680575885	0.729031722171194	0
"3179"	0.955	1.33230730730731	1.82385134234452	0.73049117347177	0
"2853"	0.95	1.25275275275276	1.78260871745725	0.702763730752815	0
"4200"	0.987	1.41424524524525	2.05221498758895	0.68913113577188	0
"3036"	0.956	1.39145545545545	1.83154059998836	0.759718597264128	0
"3633"	0.961	1.23471371371372	1.86203780084768	0.663098092397275	0
"4135"	0.962	1.29384984984985	1.86655771704156	0.693174305855685	0
"3194"	0.95	1.27477477477478	1.78260871745725	0.715117547833567	0
"4151"	0.928	1.24806406406406	1.70290514496379	0.732902867640702	0
"3763"	0.958	1.29753353353353	1.84563016516264	0.703030085888952	0
"4793"	0.958	1.33356956956957	1.84563016516264	0.722555143896909	0
"3884"	0.972	1.33655255255255	1.91438491751498	0.698162914011828	0
"3750"	0.975	1.40578078078078	1.93138082714942	0.727863071342391	0
"2868"	0.968	1.38235835835836	1.89331977948195	0.730124078002606	0
"4602"	0.968	1.38836436436437	1.89331977948195	0.733296286982354	0
"3295"	0.959	1.41072972972972	1.85170968379907	0.761852542043953	0
"3136"	0.986	1.45926326326326	2.04053558400652	0.715137376040288	0
"4520"	0.971	1.38354254254255	1.90960805021767	0.724516500852011	0
"4917"	0.938	1.17332932932932	1.67970684870625	0.698532205326814	0
"3315"	0.949	1.28168068068069	1.77398404251538	0.722487153189583	0
"4952"	0.963	1.26089189189189	1.87083063224787	0.673974367405397	0
"3534"	0.984	1.41515915915916	2.01843168619421	0.701118184399626	0
"2957"	0.969	1.3714104104104	1.89901520921893	0.722169261074259	0
"4108"	0.986	1.45125525525525	2.04053558400652	0.711212912252067	0
"4501"	0.96	1.42782782782783	1.8571338651215	0.768834091415601	0
"3495"	0.936	1.22913313313314	1.6729477361561	0.734711017307264	0
"3687"	0.978	1.35086686686687	1.9573782279445	0.690140948530653	0
"2876"	0.949	1.26566466466467	1.77398404251538	0.713458878057351	0
"4935"	0.985	1.35412912912913	2.02931960586645	0.66728233700328	0
"4659"	0.966	1.39423823823825	1.88354513889431	0.74022024184496	0
"4527"	0.967	1.32123223223223	1.88820986469503	0.699727428044995	0
"4417"	0.956	1.26132532532533	1.83154059998836	0.688669050161018	0
"3525"	0.947	1.26946046046045	1.75304601849698	0.724145542710205	0
"4194"	0.975	1.48586086086086	1.93138082714942	0.769325676207468	0
"3169"	0.926	1.14566966966967	1.721862124539	0.665366670967573	0
"3589"	0.972	1.38059659659659	1.91438491751498	0.721169804444928	0
"2561"	0.98	1.51311311311311	1.97674349726153	0.765457488647005	0
"4092"	0.972	1.40462062062061	1.91438491751498	0.733719017408436	0
"4811"	0.957	1.27842942942943	1.83885454929147	0.695231403659423	0
"4733"	0.988	1.47733333333332	2.06428147224683	0.715664677126302	0
"3983"	0.967	1.40131231231231	1.88820986469503	0.742138010458202	0
"4414"	0.963	1.30893993993994	1.87083063224787	0.699657102774293	0
"3653"	0.979	1.49605505505506	1.96691657433647	0.760609308282299	0
"3249"	0.959	1.31863763763763	1.85170968379907	0.712118994232533	0
"4599"	0.956	1.32739139139139	1.83154059998836	0.72474035869029	0
"3195"	0.961	1.34482382382383	1.86203780084768	0.722232289382955	0
"3560"	0.964	1.29800200200201	1.87499411826544	0.69226990599991	0
"2669"	0.926	1.14166566566567	1.721862124539	0.663041279203076	0
"4798"	0.961	1.33281181181182	1.86203780084768	0.715781286075426	0
"4588"	0.972	1.35457057057056	1.91438491751498	0.70757482373446	0
"4929"	0.969	1.42346246246245	1.89901520921893	0.749579284858881	0
"4719"	0.939	1.29257157157158	1.68392811240508	0.767593083130759	0
"2835"	0.928	1.34616216216216	1.70290514496379	0.790509187281122	0
"4714"	0.971	1.41157057057058	1.90960805021767	0.739193873009523	0
"4577"	0.981	1.38802702702703	1.98683396766371	0.698612490835957	0
"3482"	0.971	1.36552452452453	1.90960805021767	0.71508104732218	0
"3551"	0.942	1.24988588588589	1.70410842298715	0.733454438124863	0
"3901"	0.965	1.36514014014014	1.87918616355587	0.726452847841839	0
"4664"	0.973	1.40167267267267	1.91934124611732	0.73028841302095	0
"4589"	0.962	1.3479039039039	1.86655771704156	0.722133525043254	0
"3516"	0.951	1.26386286286286	1.79128680575885	0.705561420315076	0
"3261"	0.989	1.53241141141142	2.07665749535328	0.737922076625696	0
"2976"	0.965	1.41719219219219	1.87918616355587	0.754152100348869	0
"2558"	0.948	1.31461061061061	1.76427821908298	0.745126588534265	0
"3597"	0.959	1.43875775775775	1.85170968379907	0.776988839203951	0
"3328"	0.948	1.2024984984985	1.76427821908298	0.681580991870728	0
"2907"	0.969	1.28332232232232	1.89901520921893	0.675783066977204	0
"4667"	0.95	1.24274274274275	1.78260871745725	0.697148359352473	0
"3263"	0.954	1.29317717717718	1.81594845575885	0.712122182254775	0
"2590"	0.957	1.35450550550551	1.83885454929147	0.736602852045805	0
"3591"	0.948	1.26255855855856	1.76427821908298	0.715623275797623	0
"3134"	0.968	1.40438038038038	1.89331977948195	0.741755510928347	0
"3268"	0.977	1.43590690690691	1.94815322145631	0.737060561300985	0
"4216"	0.981	1.41205105105105	1.98683396766371	0.710704102120554	0
"3303"	0.971	1.34150050050051	1.90960805021767	0.70250044261574	0
"2535"	0.929	1.19515415415415	1.69678512476924	0.704363880085696	0
"2605"	0.946	1.22030430430431	1.74150773478787	0.70071713144182	0
"4364"	0.978	1.45897497497498	1.9573782279445	0.745372025777094	0
"3115"	0.987	1.54637737737738	2.05221498758895	0.753516267413164	0
"4346"	0.965	1.31909409409409	1.87918616355587	0.701949662931774	0
"4711"	1.005	1.61058558558559	2.27959623909604	0.706522303363801	0
"3353"	0.952	1.32902502502502	1.79981613554631	0.738422663724825	0
"2597"	0.92	1.22482482482482	1.73214700990067	0.707113667502776	0
"2601"	0.947	1.3175085085085	1.75304601849698	0.751553863736053	0
"4170"	0.949	1.26166066066067	1.77398404251538	0.711201809274293	0
"3575"	0.943	1.30505605605605	1.71383726044248	0.761481901565797	0
"3958"	0.944	1.22208608608609	1.72228273459438	0.709573440840366	0
"4676"	0.975	1.40177677677678	1.93138082714942	0.725789941099137	0
"2762"	0.953	1.34213313313313	1.80799200171271	0.742333556709178	0
"4088"	0.949	1.31371271271272	1.77398404251538	0.740543703454044	0
"3450"	0.94	1.2976976976977	1.68847399968033	0.768562440371236	0
"2708"	0.937	1.21424524524524	1.67598761642866	0.724495356256069	0
"3646"	0.959	1.37669569569569	1.85170968379907	0.743472752635385	0
"4755"	0.965	1.40518018018018	1.87918616355587	0.74775996515494	0
"3557"	0.95	1.22472472472473	1.78260871745725	0.687040690831857	0
"2677"	0.939	1.30658558558559	1.68392811240508	0.775915299447938	0
"4150"	0.959	1.26258158158157	1.85170968379907	0.681846399912538	0
"4468"	0.961	1.35082982982983	1.86203780084768	0.72545779103672	0
"2728"	0.957	1.37852952952953	1.83885454929147	0.749667519957294	0
"3373"	0.969	1.39143043043042	1.89901520921893	0.732711577914498	0
"4866"	0.978	1.42093693693694	1.9573782279445	0.725938868968162	0
"4125"	0.953	1.32411511511511	1.80799200171271	0.732367794692006	0
"3603"	0.937	1.21224324324324	1.67598761642866	0.723300835495667	0
"4948"	0.941	1.22674574574575	1.69502138358581	0.723734672391313	0
"4638"	0.976	1.37680080080081	1.93926609067822	0.709959714873005	0
"4742"	0.959	1.3867057057057	1.85170968379907	0.748878573049669	0
"4140"	0.976	1.3627867867868	1.93926609067822	0.702733262514879	0
"4276"	0.957	1.4506016016016	1.83885454929147	0.788861523691762	0
"4030"	0.962	1.29184784784785	1.86655771704156	0.692101742182071	0
"3606"	0.987	1.5704014014014	2.05221498758895	0.765222654984307	0
"2791"	0.942	1.19182782782783	1.70410842298715	0.699384975598361	0
"4776"	0.967	1.3872982982983	1.88820986469503	0.73471615853589	0
"3029"	0.954	1.30919319319319	1.81594845575885	0.720941824665451	0
"4444"	0.971	1.48564464464465	1.90960805021767	0.777984070854378	0
"4326"	0.963	1.34897997997998	1.87083063224787	0.721059382248374	0
"2616"	0.963	1.42105205205205	1.87083063224787	0.75958348530172	0
"3142"	0.966	1.30615015015015	1.88354513889431	0.693453065275037	0
"3494"	0.974	1.33065465465466	1.9248735544064	0.691294579640583	0
"4912"	0.989	1.48836736736737	2.07665749535328	0.716712972985545	0
"4114"	0.941	1.21273173173173	1.69502138358581	0.715466921819124	0
"4684"	0.948	1.26856456456456	1.76427821908298	0.719027504190313	0
"3985"	0.955	1.34832332332333	1.82385134234452	0.739272599701074	0
"3120"	0.959	1.33265165165164	1.85170968379907	0.719687142812532	0
"2748"	0.949	1.34574474474475	1.77398404251538	0.758600253718506	0
"4704"	0.974	1.3706946946947	1.9248735544064	0.712095966800992	0
"4937"	0.941	1.29681581581581	1.69502138358581	0.765073425252258	0
"4962"	0.948	1.27056656656657	1.76427821908298	0.720162246987876	0
"4176"	0.988	1.48133733733733	2.06428147224683	0.717604337031134	0
"4167"	0.95	1.28278278278279	1.78260871745725	0.719609844953841	0
"3931"	0.968	1.31028628628629	1.89331977948195	0.692057570245637	0
"4640"	0.954	1.29718118118118	1.81594845575885	0.714327092857443	0
"4047"	0.965	1.49927427427427	1.87918616355587	0.797831690840726	0
"4115"	0.95	1.45495495495496	1.78260871745725	0.816194233039728	0
"3008"	0.954	1.31119519519519	1.81594845575885	0.722044279966786	0
"2549"	0.953	1.27006106106106	1.80799200171271	0.702470508640492	0
"3765"	0.955	1.31228728728729	1.82385134234452	0.71951439068514	0
"3674"	0.968	1.39036636636637	1.89331977948195	0.734353689975603	0
"4765"	0.959	1.34666566566566	1.85170968379907	0.72725529139253	0
"2723"	0.941	1.2828018018018	1.69502138358581	0.756805674680068	0
"4885"	0.952	1.2109069069069	1.79981613554631	0.67279478330677	0
"3262"	0.955	1.29226726726727	1.82385134234452	0.70853760789851	0
"3965"	0.954	1.26114514514514	1.81594845575885	0.694482897433418	0
"2731"	0.959	1.39671571571571	1.85170968379907	0.754284393463954	0
"3927"	0.938	1.26942542542542	1.67970684870625	0.755742245382383	0
"4619"	0.956	1.30136536536537	1.83154059998836	0.710530449269667	0
"2765"	0.956	1.34741141141141	1.83154059998836	0.735671058244614	0
"2803"	0.967	1.32523623623623	1.88820986469503	0.701847957165655	0
"4272"	0.978	1.36287887887888	1.9573782279445	0.696277734891367	0
"4579"	0.957	1.3444954954955	1.83885454929147	0.731159240416018	0
"2984"	0.954	1.34723123123123	1.81594845575885	0.741888475390812	0
"2912"	0.946	1.3083923923924	1.74150773478787	0.751298639825886	0
"4251"	0.943	1.30505605605605	1.71383726044248	0.761481901565798	0
"3426"	0.967	1.30721821821822	1.88820986469503	0.692305576122683	0
"4137"	1.003	1.62261361361361	2.25367679650034	0.719985055591517	0
"4169"	0.93	1.20630630630631	1.6907634884466	0.713468391380162	0
"4641"	0.974	1.44677077077077	1.9248735544064	0.751618602405768	0
"4788"	0.938	1.27142742742742	1.67970684870625	0.756934121216873	0
"4569"	0.925	1.17855355355355	1.72803013817804	0.682021411267841	0
"3662"	0.952	1.24293893893893	1.79981613554631	0.690592174606582	0
"3475"	0.952	1.22091691691691	1.79981613554631	0.678356468087961	0
"3684"	0.928	1.16998598598598	1.70290514496379	0.687052939763635	0
"2840"	0.966	1.37221621621622	1.88354513889431	0.728528447702479	0
"4781"	0.945	1.30528028028028	1.73086102987915	0.754121941477538	0
"4026"	0.962	1.32588188188188	1.86655771704156	0.710335324633502	0
"3586"	0.958	1.39563163163163	1.84563016516264	0.756181632688389	0
"4805"	0.982	1.43110710710711	1.99716265620782	0.71657013146064	0
"2930"	0.948	1.38267867867868	1.76427821908298	0.783707843651412	0
"4434"	0.945	1.2312062062062	1.73086102987915	0.711325857450361	0
"4681"	0.963	1.371002002002	1.87083063224787	0.732830635959118	0
"3413"	0.968	1.44442042042042	1.89331977948195	0.762903570793329	0
"3022"	0.967	1.34325425425425	1.88820986469503	0.711390338208627	0
"2701"	0.95	1.37687687687688	1.78260871745725	0.772394336117058	0
"3431"	0.962	1.30786386386386	1.86655771704156	0.70068225157098	0
"3627"	0.938	1.26942542542542	1.67970684870625	0.755742245382382	0
"3128"	0.978	1.478994994995	1.9573782279445	0.755600003044955	0
"4852"	0.962	1.34990590590591	1.86655771704156	0.723206088716867	0
"3659"	0.943	1.20495595595595	1.71383726044248	0.703074897347524	0
"3232"	0.979	1.46602502502503	1.96691657433647	0.745341741562973	0
"2572"	0.974	1.4707947947948	1.9248735544064	0.764099434702012	0
"2790"	0.964	1.34004404404405	1.87499411826544	0.714692398760012	0
"3645"	0.956	1.3394034034034	1.83154059998836	0.731298778422884	0
"4034"	0.95	1.34284284284285	1.78260871745725	0.753302073355895	0
"3298"	0.939	1.26053953953954	1.68392811240508	0.748570874405779	0
"3183"	0.956	1.28534934934935	1.83154059998836	0.701785889626208	0
"3583"	0.972	1.38259859859859	1.91438491751498	0.722215572191887	0
"4316"	0.966	1.45429829829831	1.88354513889431	0.772106953142634	0
"2807"	0.943	1.26301401401401	1.71383726044248	0.736950959794123	0
"3731"	0.941	1.26478378378378	1.69502138358581	0.746175709658682	0
"4983"	0.967	1.45536636636636	1.88820986469503	0.770765153587118	0
"2508"	0.965	1.28906406406406	1.87918616355587	0.685969324946949	0
"4254"	0.964	1.31401801801803	1.87499411826544	0.700811808003759	0
"4440"	0.948	1.36265865865866	1.76427821908298	0.772360415675782	0
"1686"	1.074	2.58711111111111	3.08375858940618	0.838947354698504	0
"2648"	0.941	1.19471371371371	1.69502138358581	0.704836956797739	0
"3400"	0.958	1.38361961961962	1.84563016516264	0.749673280019071	0
"3837"	0.939	1.2124914914915	1.68392811240508	0.720037561318307	0
"2897"	0.938	1.3475035035035	1.67970684870625	0.802225402927534	0
"4195"	0.98	1.45705705705706	1.97674349726153	0.737099709231663	0
"3974"	0.949	1.28168068068069	1.77398404251538	0.722487153189582	0
"3617"	0.946	1.20428828828829	1.74150773478787	0.691520493553807	0
"4927"	0.958	1.29352952952953	1.84563016516264	0.700860634999179	0
"4779"	0.957	1.31646746746747	1.83885454929147	0.715917127852614	0
"4012"	0.959	1.32063963963963	1.85170968379907	0.71320015831539	0
"3047"	0.941	1.30882782782782	1.69502138358581	0.772160068599847	0
"2531"	0.946	1.24833233233234	1.74150773478787	0.71681124774584	0
"3632"	0.936	1.30721121121122	1.6729477361561	0.781381978025667	0
"2776"	0.96	1.35175175175176	1.8571338651215	0.727869852108544	0
"4882"	0.967	1.41132232232232	1.88820986469503	0.747439333259853	0
"4626"	0.972	1.38059659659659	1.91438491751498	0.721169804444928	0
"3069"	0.934	1.20685085085085	1.66961883069572	0.722830162587444	0
"4725"	0.969	1.43747647647647	1.89901520921893	0.756958906647049	0
"4129"	0.96	1.32172172172173	1.8571338651215	0.711699757645232	0
"3959"	0.97	1.37247247247247	1.90461583167174	0.720603309942985	0
"3415"	0.977	1.48996096096096	1.94815322145631	0.764806866601164	0
"4726"	0.923	1.15422522522523	1.73104873287961	0.666778007633073	0
"2891"	0.946	1.36845245245246	1.74150773478787	0.785786031905931	0
"4018"	0.949	1.2916906906907	1.77398404251538	0.728129825147226	0
"3160"	0.941	1.23875775775776	1.69502138358581	0.730821315738903	0
"4202"	0.977	1.38185285285285	1.94815322145631	0.709314256000806	0
"3838"	0.942	1.20984584584585	1.70410842298715	0.709958257072103	0
"4339"	0.95	1.34884884884885	1.78260871745725	0.7566712961961	0
"3875"	0.939	1.24652552552553	1.68392811240508	0.740248658088599	0
"4449"	0.951	1.26786686686686	1.79128680575885	0.707796687158515	0
"2711"	0.953	1.31810910910911	1.80799200171271	0.729045874019615	0
"3938"	0.953	1.28407507507507	1.80799200171271	0.710221656876069	0
"2737"	0.942	1.30193793793794	1.70410842298715	0.763999473493451	0
"4908"	0.981	1.48612512512513	1.98683396766371	0.747986570248062	0
"3673"	0.945	1.28125625625625	1.73086102987915	0.740242130441697	0
"3073"	0.982	1.44912512512512	1.99716265620782	0.725591939455103	0
"2678"	0.943	1.27302402402402	1.71383726044248	0.74279166021595	0
"2611"	0.943	1.31106206206206	1.71383726044248	0.764986321818893	0
"2753"	0.943	1.22697797797798	1.71383726044248	0.715924438275544	0
"4367"	0.941	1.31082982982983	1.69502138358581	0.773341175824446	0
"3574"	0.972	1.41262862862862	1.91438491751498	0.737902088396272	0
"4566"	0.958	1.34357957957958	1.84563016516264	0.727978771121341	0
"2811"	0.957	1.38453553553554	1.83885454929147	0.752933686935166	0
"4802"	0.937	1.13816916916917	1.67598761642866	0.679103567360764	0
"4799"	0.978	1.53505105105105	1.9573782279445	0.78423833939496	0
"3163"	0.939	1.25853753753754	1.68392811240508	0.747381986360466	0
"2808"	0.955	1.25422922922923	1.82385134234452	0.687681720603911	0
"4873"	0.927	1.2309019019019	1.71236081622488	0.718833256542029	0
"3412"	0.968	1.38836436436437	1.89331977948195	0.733296286982354	0
"3054"	0.925	1.20457957957958	1.72803013817804	0.6970825062401	0
"4914"	0.951	1.29789689689689	1.79128680575885	0.724561188484315	0
"2824"	0.952	1.21891491491491	1.79981613554631	0.677244131131723	0
"4808"	0.969	1.33537437437437	1.89901520921893	0.703193090761827	0
"3087"	0.962	1.31186786786787	1.86655771704156	0.702827378918208	0
"3877"	0.949	1.24364264264265	1.77398404251538	0.701044999750534	0
"4475"	0.966	1.47031431431432	1.88354513889431	0.780610076155346	0
"3078"	0.968	1.47645245245245	1.89331977948195	0.779822018685316	0
"4767"	0.953	1.24603703703704	1.80799200171271	0.68918282595093	0
"3692"	0.972	1.3906066066066	1.91438491751498	0.726398643179723	0
"3725"	0.965	1.35513013013013	1.87918616355587	0.721126068513563	0
"4109"	0.952	1.48518118118118	1.79981613554631	0.825184946311405	0
"3321"	0.939	1.22650550550551	1.68392811240508	0.728359777635487	0
"3945"	0.93	1.15225225225226	1.6907634884466	0.681498187136092	0
"3157"	0.949	1.32172072072072	1.77398404251538	0.74505784102016	0
"2768"	0.955	1.27424924924925	1.82385134234452	0.698658503390542	0
"3269"	0.968	1.35633233233233	1.89331977948195	0.716377839090368	0
"3513"	0.936	1.23513913913914	1.6729477361561	0.73830109120868	0
"4394"	0.967	1.41132232232232	1.88820986469503	0.747439333259853	0
"4610"	0.965	1.38315815815816	1.87918616355587	0.736041050632734	0
"3203"	0.955	1.36834334334335	1.82385134234452	0.750249382487705	0
"4318"	0.964	1.44014414414415	1.87499411826544	0.768079286284066	0
"4385"	0.956	1.29535935935936	1.83154059998836	0.70725123940337	0
"3209"	0.958	1.3635995995996	1.84563016516264	0.738826025570206	0
"2869"	0.974	1.49481881881882	1.9248735544064	0.776580266998258	0
"3870"	0.942	1.30994594594595	1.70410842298715	0.768698709704004	0
"2935"	0.931	1.15139039039039	1.68186964781436	0.684589552993394	0
"4794"	0.94	1.23963963963964	1.68847399968033	0.734177511690634	0
"3229"	0.967	1.41933033033033	1.88820986469503	0.751680391501174	0
"3342"	0.949	1.35375275275276	1.77398404251538	0.763114391284623	0
"4055"	0.963	1.42505605605605	1.87083063224787	0.761723713249127	0
"4070"	0.916	1.13608008008008	1.72683036721382	0.657899062727919	0
"2680"	0.983	1.50221321321321	2.00770390222144	0.748224482480252	0
"3939"	0.92	1.19079079079079	1.73214700990067	0.687465200115481	0
"4016"	0.93	1.21231231231232	1.6907634884466	0.71702063629617	0
"2774"	0.928	1.20602202202202	1.70290514496379	0.708214444937665	0
"3108"	0.933	1.2817927927928	1.66969063518913	0.767682806490438	0
"3643"	0.941	1.22674574574574	1.69502138358581	0.723734672391313	0
"4315"	0.959	1.32464364364364	1.85170968379907	0.715362486481103	0
"4239"	0.948	1.31260860860861	1.76427821908298	0.743991845736703	0
"4879"	0.959	1.29861761761761	1.85170968379907	0.701307353403963	0
"2800"	0.955	1.28626126126126	1.82385134234452	0.70524457306252	0
"4576"	0.945	1.30928428428428	1.73086102987915	0.756435243316845	0
"2580"	0.968	1.34632232232232	1.89331977948195	0.711090824124121	0
"3975"	0.955	1.39036536536537	1.82385134234452	0.762323843552997	0
"4677"	0.934	1.33898298298298	1.66961883069572	0.801969262903576	0
"2988"	0.95	1.29079079079079	1.78260871745725	0.724102142074115	0
"4796"	0.933	1.2877987987988	1.66969063518913	0.771279883625225	0
"2927"	0.958	1.29152752752753	1.84563016516264	0.699775909554292	0
"2982"	0.954	1.34122522522522	1.81594845575885	0.738581109486808	0
"2816"	0.936	1.33523923923924	1.6729477361561	0.798135656232271	0
"4290"	0.934	1.20284684684685	1.66961883069572	0.720432008032409	0
"4639"	0.932	1.17655255255256	1.67368154598259	0.702972770044983	0
"4818"	0.945	1.30127627627627	1.73086102987915	0.751808639638231	0
"3547"	0.951	1.37197097097097	1.79128680575885	0.76591362508795	0
"2928"	0.948	1.36666266266266	1.76427821908298	0.774629901270908	0
"3347"	0.953	1.36815915915916	1.80799200171271	0.756728546289535	0
"2598"	0.972	1.3946106106106	1.91438491751498	0.728490178673641	0
"3723"	0.94	1.30570570570571	1.68847399968033	0.773305189154768	0
"3314"	0.945	1.31729229229229	1.73086102987915	0.761061846995459	0
"4062"	0.933	1.15967067067067	1.66969063518913	0.694542238083112	0
"3424"	0.937	1.25628728728728	1.67598761642866	0.749580292224527	0
"4492"	0.93	1.24434434434435	1.6907634884466	0.735965942514878	0
"3445"	0.954	1.34723123123123	1.81594845575885	0.741888475390811	0
"3702"	0.934	1.23287687687688	1.66961883069572	0.738418167195168	0
"4632"	0.925	1.2225975975976	1.72803013817804	0.707509418143972	0
"4888"	0.936	1.25315715715716	1.6729477361561	0.749071312912926	0
"3820"	0.945	1.3273023023023	1.73086102987915	0.766845101593726	0
"4078"	0.951	1.2998988988989	1.79128680575885	0.725678821906034	0
"4253"	0.964	1.41011411411412	1.87499411826544	0.75206322002685	0
"3319"	0.944	1.35622022022023	1.72228273459438	0.787455040324508	0
"2681"	0.951	1.39199099099099	1.79128680575885	0.77708995930515	0
"4420"	0.95	1.38688688688689	1.78260871745725	0.778009707517401	0
"3372"	0.939	1.25653553553554	1.68392811240508	0.746193098315156	0
"3845"	0.925	1.18255755755756	1.72803013817804	0.684338502802034	0
"3483"	0.943	1.32307407407407	1.71383726044248	0.771995162325087	0
"4244"	0.955	1.33430930930931	1.82385134234452	0.731588851750433	0
"3222"	0.944	1.19606006006006	1.72228273459438	0.694462085716578	0
"4257"	0.944	1.28214614614615	1.72228273459438	0.744445798818341	0
"3158"	0.947	1.37756856856856	1.75304601849698	0.785814265018361	0
"3233"	0.962	1.40796396396396	1.86655771704156	0.754310435251661	0
"2919"	0.965	1.40518018018018	1.87918616355587	0.74775996515494	0
"3832"	0.97	1.42252252252252	1.90461583167174	0.746881601458665	0
"4936"	0.958	1.29352952952953	1.84563016516264	0.700860634999179	0
"3318"	0.943	1.27302402402402	1.71383726044248	0.74279166021595	0
"4270"	0.933	1.32183283283284	1.66969063518913	0.791663320722348	0
"3994"	0.927	1.16683783783783	1.71236081622488	0.681420543370221	0
"3334"	0.941	1.25877777777778	1.69502138358581	0.742632387984888	0
"4828"	0.938	1.19935535535535	1.67970684870625	0.714026591175197	0
"2745"	0.94	1.1955955955956	1.68847399968033	0.708092393381212	0
"4661"	0.927	1.17284384384384	1.71236081622488	0.684927985230079	0
"437"	1.097	3.04463563563563	3.34624936426683	0.909865136814967	0
"3953"	0.97	1.45255255255255	1.90461583167174	0.762648576368074	0
"2690"	0.956	1.3313953953954	1.83154059998836	0.726926498601153	0
"4439"	0.936	1.26316716716717	1.6729477361561	0.755054769415285	0
"2665"	0.982	1.42109709709709	1.99716265620782	0.711558015908161	0
"4682"	0.95	1.28278278278279	1.78260871745725	0.719609844953841	0
"4575"	0.943	1.30105205205205	1.71383726044248	0.759145621397067	0
"2830"	0.929	1.22518418418418	1.69678512476924	0.722062072739356	0
"4423"	0.964	1.45415815815817	1.87499411826544	0.775553450537434	0
"3345"	0.949	1.34174074074075	1.77398404251538	0.756343184935449	0
"3007"	0.935	1.19597097097098	1.67076506723129	0.715822346557007	0
"4152"	0.955	1.37234734734735	1.82385134234452	0.75244473904503	0
"3928"	0.971	1.36152052052052	1.90960805021767	0.712984279871107	0
"4878"	0.936	1.24314714714715	1.6729477361561	0.743087856410567	0
"3460"	0.963	1.38101201201201	1.87083063224787	0.73818120582764	0
"3698"	0.962	1.3459019019019	1.86655771704156	0.72106096136964	0
"4647"	0.947	1.23142242242242	1.75304601849698	0.702447288564743	0
"2715"	0.979	1.43999899899901	1.96691657433647	0.732109850406224	0
"2615"	0.948	1.46876476476476	1.76427821908298	0.83250178394663	0
"3553"	0.964	1.46817217217218	1.87499411826544	0.783027614790802	0
"4400"	0.941	1.29481381381381	1.69502138358581	0.763892318027659	0
"3834"	0.928	1.30011611611611	1.70290514496379	0.763469486225414	0
"4583"	0.934	1.24689089089089	1.66961883069572	0.746811708137787	0
"2567"	0.93	1.28838838838839	1.6907634884466	0.762015738565602	0
"4193"	0.958	1.39362962962963	1.84563016516264	0.755096907243502	0
"4855"	0.948	1.25254854854855	1.76427821908298	0.709949561809808	0
"2659"	0.965	1.4272022022022	1.87918616355587	0.759478879677144	0
"4986"	0.925	1.19857357357357	1.72803013817804	0.69360686893881	0
"3423"	0.945	1.26724224224224	1.73086102987915	0.732145574004123	0
"4691"	0.937	1.31634734734734	1.67598761642866	0.785415915036611	0
"3964"	0.954	1.26114514514514	1.81594845575885	0.694482897433417	0
"4067"	0.938	1.3535095095095	1.67970684870625	0.805801030431005	0
"2947"	0.968	1.39637237237237	1.89331977948195	0.73752589895535	0
"3042"	0.934	1.23888288288288	1.66961883069572	0.742015399027719	0
"3245"	0.959	1.3947137137137	1.85170968379907	0.753203229381098	0
"3535"	0.937	1.26629729729729	1.67598761642866	0.755552896026541	0
"3722"	0.942	1.33997597597598	1.70410842298715	0.786320845493572	0
"2915"	0.935	1.16994494494495	1.67076506723129	0.700245036175988	0
"3704"	0.938	1.31947547547547	1.67970684870625	0.785539141244657	0
"2518"	0.966	1.47231631631632	1.88354513889431	0.781672966531936	0
"3859"	0.951	1.33793693693693	1.79128680575885	0.746913856918713	0
"2621"	0.949	1.34174074074075	1.77398404251538	0.756343184935449	0
"4474"	0.943	1.34109209209209	1.71383726044248	0.782508423084375	0
"3984"	0.944	1.24010410410411	1.72228273459438	0.720035148233759	0
"2507"	0.957	1.3505015015015	1.83885454929147	0.73442540739389	0
"3294"	0.949	1.31771671671672	1.77398404251538	0.742800772237102	0
"3316"	0.975	1.51589089089089	1.93138082714942	0.784874153031871	0
"3771"	0.949	1.25165065065066	1.77398404251538	0.705559137316649	0
"3050"	0.942	1.27390990990991	1.70410842298715	0.747552146756519	0
"3519"	0.944	1.26412812812813	1.72228273459438	0.733984091424948	0
"4570"	0.946	1.3143983983984	1.74150773478787	0.75474737903389	0
"2686"	0.944	1.41828228228229	1.72228273459438	0.82348981023508	0
"4005"	0.963	1.41704804804804	1.87083063224787	0.757443257354312	0
"4545"	0.94	1.27167167167168	1.68847399968033	0.753148506824759	0
"2733"	0.919	1.34378278278278	1.7303725576599	0.776585814906861	0
"2766"	0.948	1.37867467467467	1.76427821908298	0.781438358056287	0
"2739"	0.967	1.40932032032032	1.88820986469503	0.746379068699523	0
"4553"	0.95	1.32882882882883	1.78260871745725	0.745440553395415	0
"2709"	0.943	1.3531041041041	1.71383726044248	0.789517263590569	0
"3299"	0.952	1.36305905905905	1.79981613554631	0.757332391980874	0
"4048"	0.933	1.34185285285286	1.66969063518913	0.803653577838302	0
"4705"	0.94	1.36776776776777	1.68847399968033	0.810061492227134	0
"2529"	0.948	1.31060660660661	1.76427821908298	0.742857102939139	0
"4584"	0.924	1.32554954954955	1.73029502441769	0.76608296899868	0
"2557"	0.933	1.24375475475476	1.66969063518913	0.744901317970122	0
"3097"	0.977	1.51999099099099	1.94815322145631	0.780221480656819	0
"2697"	0.951	1.34794694694694	1.79128680575885	0.752502024027312	0
"3501"	0.952	1.38107707707707	1.79981613554631	0.767343424587018	0
"3913"	0.964	1.41411811811813	1.87499411826544	0.754198695527813	0
"3546"	0.966	1.3521961961962	1.88354513889431	0.717899543936588	0
"3978"	0.945	1.25723223223223	1.73086102987915	0.726362319405856	0
"2585"	0.943	1.22497597597597	1.71383726044248	0.714756298191179	0
"3231"	0.954	1.30719119119119	1.81594845575885	0.719839369364116	0
"4582"	0.936	1.26516916916917	1.6729477361561	0.756251460715758	0
"3330"	0.954	1.45533933933934	1.81594845575885	0.801421061662888	0
"3988"	0.95	1.34284284284285	1.78260871745725	0.753302073355894	0
"2736"	0.971	1.44160060060061	1.90960805021767	0.754919628892573	0
"3665"	0.964	1.42212612612614	1.87499411826544	0.758469646529736	0
"4735"	0.956	1.47954354354354	1.83154059998836	0.807813675303154	0
"2749"	0.933	1.33584684684685	1.66969063518913	0.800056500703517	0
"3710"	0.934	1.26691091091091	1.66961883069572	0.75880248091296	0
"4386"	0.935	1.28405905905906	1.67076506723129	0.768545550923532	0
"3854"	0.93	1.25635635635636	1.6907634884466	0.743070432346894	0
"2950"	0.966	1.41225625625626	1.88354513889431	0.749786255234261	0
"3979"	0.932	1.23861461461462	1.67368154598259	0.740053935342546	0
"4924"	0.941	1.23675575575575	1.69502138358581	0.729640208514305	0
"3993"	0.958	1.35759359359359	1.84563016516264	0.735571849235547	0
"2714"	0.933	1.30781881881882	1.66969063518913	0.783270140741179	0
"2842"	0.95	1.40890890890892	1.78260871745725	0.790363524598154	0
"4831"	0.923	1.14821921921922	1.73104873287961	0.663308431131888	0
"4178"	0.948	1.29659259259259	1.76427821908298	0.734913903356197	0
"2944"	0.953	1.3101011011011	1.80799200171271	0.724616646456428	0
"3770"	0.971	1.36952852852854	1.90960805021767	0.717177814773254	0
"4205"	0.932	1.18656256256257	1.67368154598259	0.708953603157493	0
"3485"	0.951	1.33593493493493	1.79128680575885	0.745796223496993	0
"3310"	0.939	1.22850750750751	1.68392811240508	0.729548665680797	0
"3121"	0.963	1.38501601601601	1.87083063224787	0.740321433775046	0
"3754"	0.94	1.20160160160161	1.68847399968033	0.71164945496886	0
"4395"	0.937	1.20623723723723	1.67598761642866	0.719717273214458	0
"3470"	0.928	1.25206806806807	1.70290514496379	0.735254145993372	0
"3630"	0.955	1.40237737737738	1.82385134234452	0.768909913224975	0
"3411"	0.924	1.24947347347347	1.73029502441769	0.722115856452842	0
"4185"	0.946	1.36044444444445	1.74150773478787	0.781187712961925	0
"2503"	0.933	1.26577677677678	1.66969063518913	0.758090600797673	0
"2655"	0.948	1.26856456456456	1.76427821908298	0.719027504190313	0
"4730"	0.958	1.33356956956957	1.84563016516264	0.722555143896908	0
"3234"	0.962	1.46602202202202	1.86655771704156	0.785414781786455	0
"2538"	0.95	1.25875875875876	1.78260871745725	0.706132953593019	0
"3184"	0.989	1.64252152152152	2.07665749535328	0.790944835726073	0
"3344"	0.939	1.2164954954955	1.68392811240508	0.72241533740893	0
"4373"	0.945	1.27725225225225	1.73086102987915	0.737928828602391	0
"3243"	0.958	1.47170770770771	1.84563016516264	0.797401199594075	0
"4046"	0.938	1.23739339339339	1.67970684870625	0.736672232030526	0
"4313"	0.931	1.31355255255255	1.68186964781436	0.781007347542988	0
"3221"	0.948	1.35865465465465	1.76427821908298	0.770090930080656	0
"2587"	0.957	1.39054154154154	1.83885454929147	0.756199853913039	0
"4769"	0.949	1.37977877877878	1.77398404251538	0.777785338374497	0
"4723"	0.925	1.20658158158158	1.72803013817804	0.698241052007197	0
"3823"	0.951	1.36396296296296	1.79128680575885	0.761443091401071	0
"4740"	0.938	1.31947547547547	1.67970684870625	0.785539141244658	0
"3903"	0.931	1.25349249249249	1.68186964781436	0.74529705326536	0
"4089"	0.938	1.26742342342342	1.67970684870625	0.754550369547891	0
"2584"	0.935	1.27204704704705	1.67076506723129	0.76135602305537	0
"3972"	0.925	1.24862362362362	1.72803013817804	0.722570513116231	0
"4163"	0.933	1.2837947947948	1.66969063518913	0.768881832202033	0
"3749"	0.965	1.43320820820821	1.87918616355587	0.762674947274109	0
"2434"	1.104	2.98016416416415	3.42510597225139	0.870094002436147	0
"4139"	0.931	1.20544444444444	1.68186964781436	0.716728817843258	0
"3439"	0.928	1.15997597597597	1.70290514496379	0.681174743881959	0
"2877"	0.942	1.28391991991992	1.70410842298715	0.753426192019709	0
"3255"	0.939	1.29457357357358	1.68392811240508	0.76878197117607	0
"4653"	0.967	1.4934044044044	1.88820986469503	0.790910180233391	0
"4086"	0.933	1.36587687687688	1.66969063518913	0.818041886377449	0
"1656"	1.098	3.13953553553553	3.35754868072627	0.935067763442348	0
"4349"	0.936	1.23914314314314	1.6729477361561	0.740694473809623	0
"4396"	0.954	1.34522922922923	1.81594845575885	0.740786020089478	0
"2706"	0.965	1.41519019019019	1.87918616355587	0.753086744483214	0
"2999"	0.953	1.36015115115115	1.80799200171271	0.752299318726349	0
"3914"	0.93	1.28838838838839	1.6907634884466	0.762015738565602	0
"4183"	0.951	1.35395295295295	1.79128680575885	0.755854924292472	0
"4734"	0.946	1.37045445445446	1.74150773478787	0.786935611641933	0
"4079"	0.919	1.2617007007007	1.7303725576599	0.729149740103937	0
"2769"	0.971	1.55371271271272	1.90960805021767	0.813629117522625	0
"2668"	0.963	1.46309409409409	1.87083063224787	0.782055878749503	0
"2867"	0.925	1.30868368368368	1.72803013817804	0.757326886129138	0
"3735"	0.907	1.13949049049049	1.71729131584734	0.663539423960956	0
"3623"	0.93	1.27637637637638	1.6907634884466	0.754911248733587	0
"3791"	0.935	1.29406906906907	1.67076506723129	0.774536824147	0
"3767"	0.918	1.2285045045045	1.72818173787714	0.710865343371564	0
"3360"	0.944	1.26813213213214	1.72228273459438	0.736308915290146	0
"4383"	0.936	1.35726126126126	1.6729477361561	0.811299260537462	0
"3365"	0.933	1.23774874874875	1.66969063518913	0.741304240835336	0
"2573"	0.931	1.25549449449449	1.68186964781436	0.746487396407948	0
"3084"	0.929	1.27523423423423	1.69678512476924	0.751559060495455	0
"4701"	0.939	1.28656556556557	1.68392811240508	0.764026418994827	0
"4249"	0.935	1.33410910910911	1.67076506723129	0.798501917040876	0
"4312"	0.955	1.38636136136136	1.82385134234452	0.760128486995671	0
"4703"	0.94	1.28768768768769	1.68847399968033	0.762634004391821	0
"4637"	0.943	1.31106206206206	1.71383726044248	0.764986321818894	0
"4455"	0.951	1.2998988988989	1.79128680575885	0.725678821906035	0
"3476"	0.984	1.52727127127127	2.01843168619421	0.756662354102739	0
"3624"	0.935	1.221996996997	1.67076506723129	0.731399656938026	0
"3381"	0.945	1.32329829829829	1.73086102987915	0.764531799754419	0
"4782"	0.934	1.18683083083083	1.66961883069572	0.710839389812273	0
"3669"	0.959	1.3887077077077	1.85170968379907	0.749959737132527	0
"3980"	0.912	1.13138738738739	1.72629432711673	0.655384988304422	0
"3738"	0.929	1.17513413413413	1.69678512476924	0.692565084983256	0
"2726"	0.947	1.30549649649649	1.75304601849698	0.744701783479591	0
"4991"	0.946	1.48456856856857	1.74150773478787	0.852461656594019	0
"4014"	0.94	1.24164164164165	1.68847399968033	0.735363198886517	0
"3864"	0.933	1.23174274274275	1.66969063518913	0.73770716370055	0
"2524"	0.925	1.20858358358358	1.72803013817804	0.699399597774294	0
"3180"	0.948	1.38468068068068	1.76427821908298	0.784842586448977	0
"3612"	0.956	1.37744144144144	1.83154059998836	0.7520671075761	0
"3375"	0.926	1.23175575575576	1.721862124539	0.715362593904281	0
"4736"	0.95	1.38288288288289	1.78260871745725	0.775763558957265	0
"3193"	0.924	1.15738138138138	1.73029502441769	0.668892509686828	0
"2632"	0.963	1.34297397397397	1.87083063224787	0.717849040327261	0
"3500"	0.949	1.36976876876877	1.77398404251538	0.772142666416853	0
"4517"	0.951	1.35595495495495	1.79128680575885	0.756972557714192	0
"4013"	0.941	1.29281181181181	1.69502138358581	0.762711210803061	0
"4768"	0.945	1.38335835835835	1.73086102987915	0.799231327344021	0
"2901"	0.95	1.30880880880881	1.78260871745725	0.73420981059473	0
"3436"	0.934	1.28292692692693	1.66961883069572	0.768395099133096	0
"4745"	0.937	1.23826926926927	1.67598761642866	0.738829605380903	0
"2691"	0.926	1.23175575575576	1.721862124539	0.715362593904281	0
"3348"	0.94	1.32172172172173	1.68847399968033	0.782790686721829	0
"3462"	0.932	1.26063663663664	1.67368154598259	0.753211768190068	0
"3327"	0.928	1.31813413413413	1.70290514496379	0.774050238812429	0
"3924"	0.925	1.30067567567568	1.72803013817804	0.75269270306075	0
"3309"	0.939	1.36264164164164	1.68392811240508	0.809204164716653	0
"3369"	0.935	1.26604104104105	1.67076506723129	0.757761259121289	0
"4388"	0.939	1.23451351351352	1.68392811240508	0.733115329816732	0
"4340"	0.924	1.15537937937938	1.73029502441769	0.667735480409306	0
"4930"	0.938	1.29344944944944	1.67970684870625	0.770044755396274	0
"3422"	0.953	1.35214314314314	1.80799200171271	0.747870091163161	0
"4245"	0.956	1.41147547547547	1.83154059998836	0.770649296818453	0
"4261"	0.93	1.24034034034034	1.6907634884466	0.73359777923754	0
"3322"	0.93	1.30240240240241	1.6907634884466	0.770304310036287	0
"2940"	0.94	1.38178178178179	1.68847399968033	0.818361302598314	0
"4749"	0.951	1.35995895895896	1.79128680575885	0.759207824557632	0
"2880"	0.917	1.31742842842843	1.72697625717971	0.762852658194552	0
"4065"	0.925	1.19857357357357	1.72803013817804	0.693606868938809	0
"4603"	0.945	1.28125625625625	1.73086102987915	0.740242130441697	0
"4266"	0.908	1.24277877877878	1.71991628821424	0.722580969373306	0
"4051"	0.934	1.32697097097097	1.66961883069572	0.794774799238474	0
"4845"	0.942	1.364	1.70410842298715	0.800418554125229	0
"3131"	0.936	1.26717117117117	1.6729477361561	0.757448152016229	0
"3706"	0.963	1.40503603603603	1.87083063224787	0.751022573512085	0
"3410"	0.927	1.32699799799799	1.71236081622488	0.774952326299739	0
"4390"	0.935	1.223998998999	1.67076506723129	0.732597911582719	0
"2857"	0.947	1.29148248248248	1.75304601849698	0.736707689847053	0
"2539"	0.925	1.33270770770771	1.72803013817804	0.771229435334301	0
"2941"	0.93	1.24034034034034	1.6907634884466	0.73359777923754	0
"4531"	0.928	1.25006606606606	1.70290514496379	0.734078506817038	0
"2780"	0.941	1.35887787787788	1.69502138358581	0.801687749214808	0
"4317"	0.931	1.2635025025025	1.68186964781436	0.751248768978298	0
"2740"	0.93	1.31041041041042	1.6907634884466	0.775040636590963	0
"4283"	0.937	1.34237337337337	1.67598761642866	0.800944684921846	0
"3713"	0.943	1.35710810810811	1.71383726044248	0.791853543759299	0
"2746"	0.937	1.23826926926927	1.67598761642866	0.738829605380903	0
"4548"	0.963	1.46509609609609	1.87083063224787	0.783125992723208	0
"4017"	0.925	1.19857357357357	1.72803013817804	0.69360686893881	0
"4886"	0.939	1.42670570570571	1.68392811240508	0.847248582166615	0
"2652"	0.958	1.33757357357357	1.84563016516264	0.724724594786682	0
"4022"	0.945	1.41539039039039	1.73086102987915	0.817737742058476	0
"4130"	0.936	1.26717117117117	1.6729477361561	0.75744815201623	0
"4392"	0.94	1.32372372372373	1.68847399968033	0.783976373917714	0
"3923"	0.941	1.30682582582582	1.69502138358581	0.77097896137525	0
"4102"	0.935	1.36614114114115	1.67076506723129	0.817673991355977	0
"3197"	0.942	1.33797397397398	1.70410842298715	0.785146036440936	0
"3018"	0.931	1.33757657657657	1.68186964781436	0.795291465254039	0
"4279"	0.966	1.41826226226227	1.88354513889431	0.752974926364029	0
"3608"	0.935	1.26604104104105	1.67076506723129	0.757761259121288	0
"4044"	0.953	1.41620720720721	1.80799200171271	0.783303911668659	0
"4656"	0.922	1.13104704704704	1.73131027326885	0.653289629542569	0
"3596"	0.923	1.19226326326327	1.73104873287961	0.688751992140582	0
"4910"	0.932	1.33070670670671	1.67368154598259	0.79507759997764	0
"4105"	0.947	1.43762862862862	1.75304601849698	0.820074666300671	0
"3062"	0.934	1.25089489489489	1.66961883069572	0.749209862692822	0
"4987"	0.932	1.35473073073074	1.67368154598259	0.809431599447662	0
"3103"	0.933	1.26177277277278	1.66969063518913	0.755692549374483	0
"4322"	0.973	1.50777877877878	1.91934124611732	0.78557097745328	0
"4220"	0.933	1.21772872872873	1.66969063518913	0.729313983719382	0
"4612"	0.954	1.41129529529529	1.81594845575885	0.777167045033523	0
"4615"	0.944	1.30416816816817	1.72228273459438	0.757232330076931	0
"3809"	0.949	1.2976966966967	1.77398404251538	0.731515428321813	0
"3346"	0.93	1.28838838838839	1.6907634884466	0.762015738565602	0
"2613"	0.93	1.23433433433434	1.6907634884466	0.730045534321532	0
"2674"	0.937	1.28431531531531	1.67598761642866	0.766303582870166	0
"950"	1.06	2.77317317317317	2.92219760129667	0.949002617736262	0
"3968"	0.937	1.2703013013013	1.67598761642866	0.757941937547347	0
"4451"	0.954	1.36925325325325	1.81594845575885	0.754015483705495	0
"4750"	0.934	1.31896296296296	1.66961883069572	0.789978490128405	0
"2975"	0.93	1.30840840840841	1.6907634884466	0.773856554952295	0
"3879"	0.925	1.2286036036036	1.72803013817804	0.710985055445262	0
"4881"	0.936	1.2931971971972	1.6729477361561	0.773005138922363	0
"4511"	0.936	1.26516916916917	1.6729477361561	0.756251460715757	0
"4155"	0.937	1.31234334334334	1.67598761642866	0.783026873515805	0
"3849"	0.939	1.35863763763764	1.68392811240508	0.806826388626031	0
"3202"	0.934	1.2528968968969	1.66961883069572	0.750408939970339	0
"4680"	0.97	1.54864864864864	1.90461583167174	0.813102896078179	0
"4464"	0.955	1.44041541541542	1.82385134234452	0.789765800519572	0
"4900"	0.923	1.26833933933935	1.73104873287961	0.732699961155597	0
"4471"	0.948	1.33262862862863	1.76427821908298	0.755339273712335	0
"4132"	0.943	1.30505605605606	1.71383726044248	0.761481901565798	0
"4484"	0.938	1.26542142142141	1.67970684870625	0.7533584937134	0
"3565"	0.937	1.2723033033033	1.67598761642866	0.75913645830775	0
"4087"	0.946	1.35243643643644	1.74150773478787	0.77658939401792	0
"3880"	0.945	1.31328828828828	1.73086102987915	0.758748545156151	0
"2651"	0.942	1.32395995995997	1.70410842298715	0.776922373072469	0
"2909"	0.934	1.31095495495496	1.66961883069572	0.785182181018335	0
"4904"	0.938	1.2514074074074	1.67970684870625	0.745015362871963	0
"3492"	0.938	1.46762362362362	1.67970684870625	0.873737952996993	0
"4072"	0.944	1.37023423423424	1.72228273459438	0.795591923852703	0
"3701"	0.955	1.35232732732733	1.82385134234452	0.7414679562584	0
"3469"	0.971	1.54970870870872	1.90960805021767	0.811532350071552	0
"3127"	0.931	1.21745645645646	1.68186964781436	0.723870876698784	0
"3216"	0.935	1.31208708708709	1.67076506723129	0.785321115949244	0
"4260"	0.927	1.27494594594594	1.71236081622488	0.744554496847647	0
"3324"	0.93	1.22032032032032	1.6907634884466	0.721756962850847	0
"4127"	0.951	1.36596496496496	1.79128680575885	0.762560724822791	0
"3041"	0.947	1.38757857857857	1.75304601849698	0.791524331898747	0
"3774"	0.945	1.3273023023023	1.73086102987915	0.766845101593726	0
"3862"	0.958	1.35559159159159	1.84563016516264	0.734487123790661	0
"4817"	0.932	1.23461061061061	1.67368154598259	0.737661602097542	0
"4651"	0.924	1.28550950950951	1.73029502441769	0.742942383448239	0
"4773"	0.939	1.3185975975976	1.68392811240508	0.783048627719806	0
"3890"	0.944	1.26212612612613	1.72228273459438	0.732821679492349	0
"3855"	0.957	1.40855955955956	1.83885454929147	0.765998354846656	0
"4064"	0.951	1.27587487487487	1.79128680575885	0.712267220845396	0
"3790"	0.952	1.43312912912912	1.79981613554631	0.796264185449212	0
"3764"	0.945	1.35933433433433	1.73086102987915	0.78535151630818	0
"4687"	0.963	1.44307407407407	1.87083063224787	0.771354739012463	0
"2792"	0.939	1.34061961961962	1.68392811240508	0.79612639621823	0
"4710"	0.918	1.26854454454454	1.72818173787714	0.73403422611258	0
"4957"	0.941	1.35287187187187	1.69502138358581	0.798144427541014	0
"4604"	0.919	1.27971871871872	1.7303725576599	0.739562537011896	0
"3955"	0.933	1.24175275275276	1.66969063518913	0.743702292258527	0
"4301"	0.964	1.50821221221222	1.87499411826544	0.804382369800423	0
"4631"	0.917	1.22333433433434	1.72697625717971	0.708367778218406	0
"3697"	0.917	1.24135235235236	1.72697625717971	0.718801053107455	0
"3123"	0.936	1.31521921921922	1.6729477361561	0.786168743227553	0
"3777"	0.963	1.52515615615615	1.87083063224787	0.815229411934328	0
"2602"	0.95	1.33083083083084	1.78260871745725	0.746563627675483	0
"3304"	0.919	1.20164064064064	1.7303725576599	0.694440417077407	0
"2750"	0.906	1.1383023023023	1.71517358066211	0.663665949112203	0
"2591"	0.92	1.21481481481481	1.73214700990067	0.701334706506513	0
"3148"	0.941	1.34286186186186	1.69502138358581	0.792238891418023	0
"2878"	0.954	1.45333733733734	1.81594845575885	0.800318606361554	0
"4119"	0.937	1.39042142142142	1.67598761642866	0.829613183171512	0
"4288"	0.934	1.18683083083083	1.66961883069572	0.710839389812273	0
"4495"	0.927	1.26293393393393	1.71236081622488	0.737539613127933	0
"2785"	0.95	1.3928928928929	1.78260871745725	0.781378930357607	0
"2951"	0.937	1.28431531531531	1.67598761642866	0.766303582870166	0
"2657"	0.941	1.27479379379379	1.69502138358581	0.752081245781675	0
"4778"	0.951	1.37797697697697	1.79128680575885	0.769266525353111	0
"2881"	0.954	1.43531931931932	1.81594845575885	0.790396508649542	0
"3518"	0.923	1.17424524524525	1.73104873287961	0.678343262637025	0
"4103"	0.933	1.21772872872873	1.66969063518913	0.729313983719381	0
"3137"	0.938	1.32347947947947	1.67970684870625	0.787922892913641	0
"3044"	0.938	1.26742342342342	1.67970684870625	0.754550369547891	0
"4230"	0.94	1.25965965965966	1.68847399968033	0.746034383649463	0
"3014"	0.927	1.27894994994995	1.71236081622488	0.746892791420885	0
"4370"	0.918	1.2245005005005	1.72818173787714	0.708548455097462	0
"4120"	0.943	1.42117217217217	1.71383726044248	0.829234026458995	0
"4368"	0.928	1.2901061061061	1.70290514496379	0.757591290343739	0
"2809"	0.941	1.34486386386386	1.69502138358581	0.79341999864262	0
"4977"	0.95	1.30880880880881	1.78260871745725	0.734209810594731	0
"4868"	0.93	1.31441441441442	1.6907634884466	0.777408799868302	0
"3284"	0.951	1.42802702702702	1.79128680575885	0.797207360896109	0
"4247"	0.906	1.1403043043043	1.71517358066211	0.664833179079229	0
"3506"	0.932	1.26464064064064	1.67368154598259	0.755604101435072	0
"3317"	0.932	1.27064664664665	1.67368154598259	0.759192601302579	0
"3487"	0.947	1.32952052052051	1.75304601849698	0.758405943992514	0
"2782"	0.9	1.11911911911912	1.70198265225196	0.657538499372113	0
"3581"	0.927	1.26693793793793	1.71236081622488	0.739877907701171	0
"4853"	0.937	1.25428528528528	1.67598761642866	0.748385771464125	0
"4482"	0.95	1.3888888888889	1.78260871745725	0.77913278179747	0
"3930"	0.915	1.22299799799799	1.72680501397996	0.708243251610214	0
"3335"	0.947	1.38557657657657	1.75304601849698	0.79038231852267	0
"2892"	0.942	1.33597197197198	1.70410842298715	0.783971227388297	0
"4838"	0.952	1.38708308308308	1.79981613554631	0.770680435455733	0
"4285"	0.916	1.27822222222223	1.72683036721382	0.740212962715376	0
"2967"	0.938	1.30345945945945	1.67970684870625	0.77600413456873	0
"3001"	0.933	1.15967067067067	1.66969063518913	0.694542238083113	0
"2687"	0.962	1.46201801801802	1.86655771704156	0.78326965443923	0
"3577"	0.921	1.25401301301301	1.73210754199449	0.723981036171143	0
"4623"	0.925	1.28065565565566	1.72803013817804	0.741107245389781	0
"2688"	0.893	1.12467567567568	1.688737880836	0.665985934489081	0
"2575"	0.942	1.31995595595596	1.70410842298715	0.774572754967193	0
"3963"	0.905	1.17515015015014	1.71310341081852	0.685977357075404	0
"4299"	0.929	1.35731631631631	1.69678512476924	0.799934120415459	0
"4989"	0.936	1.26116516516517	1.6729477361561	0.753858078114813	0
"3027"	0.955	1.4223973973974	1.82385134234452	0.779886696011605	0
"3641"	0.919	1.15559459459459	1.7303725576599	0.667829936090401	0
"4574"	0.946	1.42250650650651	1.74150773478787	0.816824684777973	0
"3067"	0.947	1.32351451451451	1.75304601849698	0.754979903864283	0
"4954"	0.93	1.2963963963964	1.6907634884466	0.766752065120279	0
"3550"	0.926	1.22775175175175	1.721862124539	0.713037202139782	0
"4515"	0.94	1.27967967967968	1.68847399968033	0.757891255608291	0
"2532"	0.948	1.45274874874875	1.76427821908298	0.823423841566124	0
"2512"	0.939	1.35263163163164	1.68392811240508	0.803259724490098	0
"4156"	0.934	1.32496896896897	1.66961883069572	0.793575721960956	0
"3252"	0.936	1.2931971971972	1.6729477361561	0.773005138922362	0
"3433"	0.938	1.2514074074074	1.67970684870625	0.745015362871963	0
"2863"	0.95	1.36086086086087	1.78260871745725	0.76340974187651	0
"3090"	0.929	1.28124024024024	1.69678512476924	0.755098699026187	0
"3129"	0.936	1.25315715715716	1.6729477361561	0.749071312912926	0
"4932"	0.926	1.19171571571572	1.721862124539	0.6921086762593	0
"2983"	0.952	1.42311911911911	1.79981613554631	0.790702500668021	0
"3002"	0.925	1.23460960960961	1.72803013817804	0.714460692746553	0
"2757"	0.957	1.50265365365365	1.83885454929147	0.817168304166656	0
"4452"	0.954	1.45333733733734	1.81594845575885	0.800318606361554	0
"2839"	0.922	1.28920520520521	1.73131027326885	0.744641341942187	0
"3420"	0.935	1.28806306306307	1.67076506723129	0.77094206021292	0
"4472"	0.922	1.27318918918919	1.73131027326885	0.735390535623238	0
"3990"	0.927	1.31698798798798	1.71236081622488	0.769106589866645	0
"4880"	0.924	1.2734974974975	1.73029502441769	0.736000207783107	0
"2942"	0.933	1.26777877877878	1.66969063518913	0.759289626509268	0
"4450"	0.946	1.30038438438439	1.74150773478787	0.74670032088188	0
"3969"	0.931	1.32356256256256	1.68186964781436	0.786959063255926	0
"4284"	0.927	1.331002002002	1.71236081622488	0.777290620872979	0
"2536"	0.934	1.352996996997	1.66961883069572	0.810362803846197	0
"3833"	0.913	1.18261361361361	1.72665351164246	0.684916577436931	0
"4907"	0.949	1.40180080080081	1.77398404251538	0.790199216681315	0
"4516"	0.913	1.20863963963964	1.72665351164246	0.699989680320943	0
"2923"	0.898	1.12271871871871	1.70069336184576	0.660153525559849	0
"3805"	0.952	1.33703303303303	1.79981613554631	0.742872011549778	0
"4113"	0.941	1.32284184184184	1.69502138358581	0.780427819172036	0
"3205"	0.927	1.329	1.71236081622488	0.776121473586359	0
"3727"	0.934	1.34298698698699	1.66961883069572	0.804367417458611	0
"4241"	0.942	1.31394994994995	1.70410842298715	0.771048327809279	0
"4215"	0.904	1.09387787787788	1.71049184310533	0.639510724524699	0
"3894"	0.933	1.29180280280281	1.66969063518913	0.773677935048415	0
"4902"	0.909	1.14186086086087	1.72248185458857	0.662916046296232	0
"3517"	0.914	1.26386786786787	1.72678478230715	0.731919739401006	0
"3616"	0.94	1.36976976976977	1.68847399968033	0.811247179423019	0
"2895"	0.923	1.15222322322323	1.73104873287961	0.665621482132678	0
"2528"	0.934	1.31095495495496	1.66961883069572	0.785182181018336	0
"3695"	0.942	1.37601201201202	1.70410842298715	0.807467408441057	0
"3139"	0.935	1.34612112112113	1.67076506723129	0.805691444909037	0
"3151"	0.919	1.2596986986987	1.7303725576599	0.727992762669719	0
"4095"	0.938	1.23138738738738	1.67970684870625	0.733096604527053	0
"2760"	0.943	1.30705805805806	1.71383726044248	0.762650041650163	0
"4826"	0.922	1.16708308308308	1.73131027326885	0.674103943760203	0
"2820"	0.937	1.25828928928929	1.67598761642866	0.75077481298493	0
"4657"	0.947	1.38157257257256	1.75304601849698	0.788098291770515	0
"4690"	0.957	1.44059159159159	1.83885454929147	0.783417912061975	0
"3016"	0.923	1.25432532532533	1.73104873287961	0.724604282652831	0
"3361"	0.936	1.30120520520521	1.6729477361561	0.77779190412425	0
"4507"	0.921	1.16992892892893	1.73210754199449	0.67543665769262	0
"2626"	0.935	1.30407907907909	1.67076506723129	0.78052809737047	0
"4754"	0.939	1.34262162162163	1.68392811240508	0.797315284263541	0
"3545"	0.916	1.17011411411412	1.72683036721382	0.677608024696747	0
"4483"	0.944	1.35822222222222	1.72228273459438	0.788617452257108	0
"4222"	0.934	1.34498898898899	1.66961883069572	0.805566494736127	0
"4274"	0.928	1.27409009009009	1.70290514496379	0.748186176933058	0
"3378"	0.922	1.32524124124124	1.73131027326885	0.76545565615982	0
"4248"	0.908	1.15469069069069	1.71991628821424	0.671364471982292	0
"3061"	0.944	1.29215615615616	1.72228273459438	0.750257858481337	0
"3159"	0.957	1.46661761761762	1.83885454929147	0.797571302299422	0
"2903"	0.931	1.2655045045045	1.68186964781436	0.752439112120886	0
"3748"	0.901	1.08027927927928	1.70314932702658	0.634283360910736	0
"4399"	0.938	1.31346946946946	1.67970684870625	0.781963513741186	0
"3912"	0.912	1.28153753753754	1.72629432711673	0.742363290782501	0
"4721"	0.936	1.44534934934935	1.6729477361561	0.863953677758227	0
"4958"	0.933	1.34585685685686	1.66969063518913	0.806051629261493	0
"4431"	0.92	1.29489489489489	1.73214700990067	0.747566394476619	0
"4595"	0.95	1.3968968968969	1.78260871745725	0.783625078917744	0
"4348"	0.938	1.37753353353353	1.67970684870625	0.820103540444898	0
"4278"	0.92	1.3009009009009	1.73214700990067	0.751033771074377	0
"3868"	0.95	1.35085085085086	1.78260871745725	0.757794370476169	0
"3175"	0.938	1.3455015015015	1.67970684870625	0.801033527093041	0
"4085"	0.936	1.33724124124124	1.6729477361561	0.799332347532744	0
"4238"	0.91	1.21111111111111	1.7244218886394	0.702328774118438	0
"4291"	0.924	1.31553953953954	1.73029502441769	0.76029782261107	0
"716"	1.072	2.95376976976979	3.06074036386915	0.965050745446385	0
"4446"	0.934	1.26691091091091	1.66961883069572	0.758802480912958	0
"4061"	0.934	1.2609049049049	1.66961883069572	0.755205249080408	0
"3957"	0.926	1.26378778778779	1.721862124539	0.733965728020264	0
"710"	1.046	2.85674074074073	2.75999487669519	1.03505291435953	0
"4546"	0.964	1.49620020020021	1.87499411826544	0.797975943297536	0
"3793"	0.93	1.2963963963964	1.6907634884466	0.766752065120279	0
"4561"	0.898	1.13873473473473	1.70069336184576	0.669570870494174	0
"3367"	0.945	1.3273023023023	1.73086102987915	0.766845101593726	0
"3124"	0.916	1.18412812812813	1.72683036721382	0.685723479625088	0
"4536"	0.911	1.26634534534535	1.72558974992438	0.733862347873147	0
"3171"	0.912	1.2414974974975	1.72629432711673	0.719169076788347	0
"4645"	0.944	1.41828228228229	1.72228273459438	0.823489810235081	0
"2547"	0.935	1.26203703703704	1.67076506723129	0.755364749831901	0
"3187"	0.938	1.2534094094094	1.67970684870625	0.746207238706454	0
"4941"	0.952	1.36105705705705	1.79981613554631	0.756220055024636	0
"4263"	0.925	1.30267767767768	1.72803013817804	0.753851248827847	0
"3620"	0.926	1.25577977977978	1.721862124539	0.729314944491269	0
"3906"	0.92	1.31091091091091	1.73214700990067	0.75681273207064	0
"3639"	0.937	1.34037137137137	1.67598761642866	0.799750164161444	0
"3524"	0.895	1.18115615615616	1.69487553764395	0.696898462407503	0
"2759"	0.954	1.3151991991992	1.81594845575885	0.724249190569456	0
"3685"	0.939	1.35263163163164	1.68392811240508	0.803259724490097	0
"3573"	0.952	1.31701301301301	1.79981613554631	0.731748641987396	0
"3126"	0.918	1.14041641641641	1.72818173787714	0.65989380134133	0
"4409"	0.931	1.33157057057057	1.68186964781436	0.791720435826276	0
"4172"	0.945	1.40938438438438	1.73086102987915	0.814267789299516	0
"2932"	0.931	1.31155055055055	1.68186964781436	0.7798170044004	0
"3477"	0.95	1.40490490490491	1.78260871745725	0.788117376038018	0
"4522"	0.91	1.22312312312313	1.7244218886394	0.709294593846863	0
"4481"	0.942	1.33396996996998	1.70410842298715	0.78279641833566	0
"4830"	0.912	1.18944544544545	1.72629432711673	0.689016598595946	0
"3446"	0.923	1.2262972972973	1.73104873287961	0.708412925647298	0
"753"	1.113	3.48771871871872	3.52560925280411	0.989252769842476	0
"4223"	0.913	1.23866966966967	1.72665351164246	0.717381722110186	0
"4847"	0.95	1.43293293293294	1.78260871745725	0.803840415958975	0
"4827"	0.942	1.41805405405406	1.70410842298715	0.832138398546454	0
"2562"	0.94	1.41981981981982	1.68847399968033	0.840889359320089	0
"4505"	0.893	1.10865965965966	1.688737880836	0.656501919120107	0
"4618"	0.949	1.40380280280281	1.77398404251538	0.791327751072844	0
"4203"	0.937	1.35638738738738	1.67598761642866	0.809306330244666	0
"2595"	0.953	1.39218318318318	1.80799200171271	0.770016228979097	0
"4177"	0.935	1.40818318318319	1.67076506723129	0.842837338894545	0
"3040"	0.923	1.25432532532533	1.73104873287961	0.724604282652831	0
"3264"	0.915	1.24502002002002	1.72680501397996	0.720996296594295	0
"4269"	0.931	1.40764664664664	1.68186964781436	0.836953475244605	0
"2563"	0.943	1.36912012012012	1.71383726044248	0.798862384265493	0
"4154"	0.929	1.35931831831832	1.69678512476924	0.801113999925703	0
"4823"	0.941	1.33685585585586	1.69502138358581	0.788695569744227	0
"3527"	0.925	1.24461961961962	1.72803013817804	0.720253421582038	0
"3004"	0.935	1.33010510510511	1.67076506723129	0.796105407751489	0
"2710"	0.924	1.24346746746747	1.73029502441769	0.718644768620276	0
"4938"	0.935	1.24401901901902	1.67076506723129	0.744580458029657	0
"2184"	1.084	3.12607007007006	3.1984392599524	0.977373592555454	0
"4354"	0.942	1.40203803803804	1.70410842298715	0.822739926125351	0
"2517"	0.909	1.19991891891892	1.72248185458857	0.696622095450479	0
"3788"	0.923	1.17824924924925	1.73104873287961	0.680656313637816	0
"3055"	0.929	1.20916816816817	1.69678512476924	0.712623036657404	0
"4020"	0.932	1.34071671671672	1.67368154598259	0.80105843309015	0
"4289"	0.928	1.2881041041041	1.70290514496379	0.756415651167404	0
"3736"	0.963	1.55518618618619	1.87083063224787	0.831281121539887	0
"2604"	0.966	1.47431831831833	1.88354513889431	0.782735856908525	0
"4159"	0.924	1.20943343343344	1.73029502441769	0.698975270902402	0
"4976"	0.927	1.17684784784785	1.71236081622488	0.687266279803316	0
"3444"	0.911	1.22830730730731	1.72558974992438	0.711818847649699	0
"2914"	0.917	1.23334434434435	1.72697625717971	0.714164042045656	0
"4636"	0.914	1.23984384384384	1.72678478230715	0.718007163687936	0
"3829"	0.932	1.2225985985986	1.67368154598259	0.73048460236253	0
"4627"	0.914	1.30190590590591	1.72678478230715	0.753947984280032	0
"3786"	0.898	1.22682282282282	1.70069336184576	0.721366267632953	0
"3758"	0.932	1.25463063063063	1.67368154598259	0.749623268322562	0
"3542"	0.93	1.32642642642643	1.6907634884466	0.784513289700318	0
"4960"	0.921	1.26802702702703	1.73210754199449	0.732071765917562	0
"2645"	0.925	1.31468968968969	1.72803013817804	0.760802523430429	0
"4335"	0.929	1.33329229229229	1.69678512476924	0.785775566292531	0
"4550"	0.938	1.34349949949949	1.67970684870625	0.799841651258551	0
"3741"	0.902	1.14554154154154	1.70514047076471	0.671816522557696	0
"4874"	0.913	1.28871971971972	1.72665351164246	0.746368458425592	0
"3950"	0.913	1.11454554554554	1.72665351164246	0.645494616047979	0
"3915"	0.966	1.4462902902903	1.88354513889431	0.767855391636277	0
"1589"	1.055	2.67865365365365	2.86431028010521	0.935182781090066	0
"2775"	0.931	1.18942842842843	1.68186964781436	0.707206072702559	0
"4305"	0.919	1.34978878878879	1.7303725576599	0.780056747209514	0
"2548"	0.918	1.30257857857857	1.72818173787714	0.753727776442443	0
"2804"	0.919	1.28972872872873	1.7303725576599	0.745347424182984	0
"3237"	0.929	1.40736636636636	1.69678512476924	0.829431108171559	0
"3006"	0.935	1.30207707707708	1.67076506723129	0.779329842725776	0
"2265"	1.064	2.75265665665664	2.96844965284909	0.927304478287072	0
"3920"	0.932	1.3186946946947	1.67368154598259	0.787900600242627	0
"2581"	0.899	1.13393293293294	1.70132085447852	0.666501518480773	0
"3613"	0.904	1.15593993993994	1.71049184310533	0.675793892031299	0
"2858"	0.911	1.2122912912913	1.72558974992438	0.702537373871403	0
"3699"	0.933	1.33184284284285	1.66969063518913	0.797658449280325	0
"3724"	0.922	1.20111711711712	1.73131027326885	0.693761907187969	0
"4503"	0.932	1.23661261261262	1.67368154598259	0.738857768720044	0
"4352"	0.954	1.46334734734735	1.81594845575885	0.805830882868228	0
"3681"	0.933	1.27378478478479	1.66969063518913	0.762886703644055	0
"4485"	0.926	1.28580980980981	1.721862124539	0.746755382725004	0
"2956"	0.927	1.22289389389389	1.71236081622488	0.714156667395553	0
"4425"	0.944	1.30617017017018	1.72228273459438	0.758394742009529	0
"4145"	0.929	1.32928828828829	1.69678512476924	0.783415807272043	0
"4028"	0.938	1.36552152152152	1.67970684870625	0.812952285437952	0
"3248"	0.922	1.39531131131131	1.73131027326885	0.80592793380522	0
"2847"	0.905	1.26323823823823	1.71310341081852	0.737397538444373	0
"4928"	0.905	1.17314814814814	1.71310341081852	0.684808716589746	0
"3721"	0.935	1.35212712712713	1.67076506723129	0.809286208843121	0
"3146"	0.943	1.40916016016016	1.71383726044248	0.822225185952801	0
"3836"	0.903	1.17276376376376	1.70771280251715	0.686745313401132	0
"3678"	0.954	1.47535935935936	1.81594845575885	0.812445614676237	0
"4728"	0.924	1.28951351351351	1.73029502441769	0.745256442003284	0
"4643"	0.915	1.20297797797797	1.72680501397996	0.696649574351959	0
"4857"	0.917	1.21332432432433	1.72697625717971	0.702571514391156	0
"2826"	0.93	1.20630630630631	1.6907634884466	0.713468391380162	0
"3176"	0.945	1.35132632632632	1.73086102987915	0.780724912629567	0
"4990"	0.917	1.1893003003003	1.72697625717971	0.688660481205756	0
"3043"	0.947	1.38958058058057	1.75304601849698	0.792666345274824	0
"3213"	0.955	1.38435935935936	1.82385134234452	0.759030808717009	0
"3437"	0.917	1.15726826826827	1.72697625717971	0.670112436958557	0
"4544"	0.912	1.16141741741742	1.72629432711673	0.672780648800038	0
"3039"	0.929	1.26722622622622	1.69678512476924	0.74683954245448	0
"4752"	0.932	1.36073673673674	1.67368154598259	0.813020099315169	0
"3025"	0.901	1.17637537537538	1.70314932702658	0.69070595085701	0
"2692"	0.909	1.14786686686687	1.72248185458857	0.666402878967362	0
"4572"	0.899	1.19999899899901	1.70132085447852	0.705333738689063	0
"3447"	0.93	1.3004004004004	1.6907634884466	0.769120228397617	0
"4718"	0.936	1.34925325325326	1.6729477361561	0.806512495335575	0
"2896"	0.916	1.27221621621622	1.72683036721382	0.736734910603231	0
"3925"	0.901	1.20840740740741	1.70314932702658	0.709513480839104	0
"2578"	0.923	1.18425525525526	1.73104873287961	0.684125890139001	0
"3246"	0.937	1.41844944944945	1.67598761642866	0.846336473817152	0
"3572"	0.897	1.14753853853854	1.69962730187894	0.675170690227159	0
"3282"	0.926	1.2737977977978	1.721862124539	0.739779207431509	0
"4689"	0.905	1.18315815815815	1.71310341081852	0.690651919018037	0
"3784"	0.935	1.36013513513514	1.67076506723129	0.814079227421896	0
"3707"	0.931	1.34558458458458	1.68186964781436	0.800052837824389	0
"2945"	0.936	1.38528928928929	1.6729477361561	0.828052938744069	0
"2642"	0.955	1.48045545545546	1.82385134234452	0.811719366092832	0
"3435"	0.937	1.32435535535535	1.67598761642866	0.790193998078222	0
"3114"	0.955	1.4223973973974	1.82385134234452	0.779886696011605	0
"3981"	0.93	1.30440440440441	1.6907634884466	0.771488391674955	0
"4856"	0.929	1.37933833833834	1.69678512476924	0.812912795028143	0
"4493"	0.899	1.14794694694695	1.70132085447852	0.674738656100713	0
"3869"	0.95	1.36286286286287	1.78260871745725	0.76453281615658	0
"3370"	0.936	1.26316716716717	1.6729477361561	0.755054769415285	0
"3970"	0.954	1.43531931931932	1.81594845575885	0.79039650864954	0
"2653"	0.938	1.35751351351351	1.67970684870625	0.808184782099987	0
"3587"	0.943	1.32307407407407	1.71383726044248	0.771995162325086	0
"4586"	0.917	1.30942042042042	1.72697625717971	0.758215647132754	0
"4789"	0.918	1.22249849849849	1.72818173787714	0.707390010960412	0
"3866"	0.919	1.21165065065065	1.7303725576599	0.700225304248496	0
"2719"	0.936	1.33924324324325	1.6729477361561	0.800529038833216	0
"4321"	0.921	1.29405305305305	1.73210754199449	0.7470974068752	0
"4731"	0.942	1.4580940940941	1.70410842298715	0.855634579599215	0
"3656"	0.915	1.27905405405405	1.72680501397996	0.740705547933327	0
"3497"	0.925	1.37875375375375	1.72803013817804	0.797875987977529	0
"4350"	0.92	1.3029029029029	1.73214700990067	0.75218956327363	0
"4946"	0.934	1.33898298298298	1.66961883069572	0.801969262903577	0
"3425"	0.946	1.38046446446447	1.74150773478787	0.79268351032194	0
"3419"	0.912	1.21547147147147	1.72629432711673	0.704092837692146	0
"323"	1.029	2.65881781781783	2.56306078972153	1.03736042019772	0
"3840"	0.918	1.3306066066066	1.72818173787714	0.769945994361154	0
"2724"	0.924	1.22745145145145	1.73029502441769	0.7093885344001	0
"2569"	0.948	1.37066666666667	1.76427821908298	0.776899386866034	0
"2883"	0.952	1.38908508508508	1.79981613554631	0.771792772411971	0
"4024"	0.903	1.21880980980981	1.70771280251715	0.713708890636235	0
"4122"	0.924	1.29151551551552	1.73029502441769	0.746413471280806	0
"2556"	0.917	1.27939039039039	1.72697625717971	0.740826855651005	0
"3199"	0.95	1.53503503503504	1.78260871745725	0.861117204242467	0
"4861"	0.904	1.23401801801802	1.71049184310533	0.721440457604116	0
"4717"	0.94	1.36376376376377	1.68847399968033	0.807690117835369	0
"2921"	0.909	1.24796696696697	1.72248185458857	0.724516756819509	0
"3385"	0.908	1.22075675675676	1.71991628821424	0.709776845025553	0
"4784"	0.919	1.26970870870871	1.7303725576599	0.733777649840808	0
"2894"	0.921	1.22398298298298	1.73210754199449	0.706643758143098	0
"4233"	0.933	1.25977077077077	1.66969063518913	0.754493523662887	0
"2523"	0.897	1.15554654654655	1.69962730187894	0.679882316122528	0
"4964"	0.946	1.42050450450451	1.74150773478787	0.815675105041972	0
"3543"	0.934	1.39303703703704	1.66961883069572	0.834344349396539	0
"4379"	0.907	1.23358458458458	1.71729131584734	0.718331580204795	0
"3457"	0.911	1.24832732732733	1.72558974992438	0.723420689872566	0
"3164"	0.923	1.28435535535536	1.73104873287961	0.741952165158759	0
"3690"	0.917	1.14525625625626	1.72697625717971	0.663156920365857	0
"3934"	0.912	1.25350950950951	1.72629432711673	0.726127340986593	0
"2730"	0.899	1.16196096096097	1.70132085447852	0.682975793720654	0
"4268"	0.916	1.2562002002002	1.72683036721382	0.727460104970841	0
"3638"	0.925	1.31869369369369	1.72803013817804	0.763119614964622	0
"400"	1.041	2.89621521521522	2.70202635353387	1.07186786369696	0
"3258"	0.935	1.4181931931932	1.67076506723129	0.848828612118015	0
"4027"	0.931	1.31955855855856	1.68186964781436	0.784578376970751	0
"4112"	0.934	1.45910310310311	1.66961883069572	0.873913899554605	0
"3504"	0.919	1.2637027027027	1.7303725576599	0.730306717538155	0
"4592"	0.911	1.29036936936937	1.72558974992438	0.747784558540588	0
"3853"	0.912	1.27953553553554	1.72629432711673	0.741203580082793	0
"3531"	0.923	1.29836936936938	1.73104873287961	0.750047843661524	0
"3815"	0.926	1.3758998998999	1.721862124539	0.799076697426212	0
"4967"	0.92	1.2008008008008	1.73214700990067	0.693244161111745	0
"4039"	0.929	1.40136036036036	1.69678512476924	0.825891469640826	0
"4675"	0.936	1.30320720720721	1.6729477361561	0.778988595424723	0
"4712"	0.905	1.19717217217217	1.71310341081852	0.698832402417647	0
"3430"	0.919	1.29773673673674	1.7303725576599	0.749975333919854	0
"3395"	0.934	1.31495895895896	1.66961883069572	0.787580335573371	0
"4421"	0.94	1.40380380380381	1.68847399968033	0.831403861753026	0
"4143"	0.935	1.40017517517518	1.67076506723129	0.838044320315769	0
"2670"	0.917	1.25736836836837	1.72697625717971	0.728075075231054	0
"3803"	0.898	1.12872472472472	1.70069336184576	0.663685029910222	0
"4693"	0.908	1.23076676676677	1.71991628821424	0.715596901547259	0
"2889"	0.915	1.31108608608608	1.72680501397996	0.759255431546537	0
"4775"	0.907	1.22757857857858	1.71729131584734	0.714834208529655	0
"3096"	0.904	1.23802202202203	1.71049184310533	0.723781307120671	0
"4541"	0.932	1.3166926926927	1.67368154598259	0.786704433620125	0
"3448"	0.933	1.35186286286287	1.66969063518913	0.80964870639628	0
"1794"	1.077	2.98205305305304	3.11823823721638	0.956326241357075	0
"3921"	0.936	1.38528928928929	1.6729477361561	0.828052938744068	0
"4491"	0.898	1.24283883883883	1.70069336184576	0.730783612567277	0
"4077"	0.935	1.29607107107108	1.67076506723129	0.775735078791695	0
"3897"	0.919	1.2556946946947	1.7303725576599	0.725678807801284	0
"3133"	0.922	1.26918518518518	1.73131027326885	0.733077834043501	0
"3619"	0.902	1.19158758758759	1.70514047076471	0.698820776362895	0
"4158"	0.912	1.2394954954955	1.72629432711673	0.718009366088639	0
"3538"	0.929	1.26322222222222	1.69678512476924	0.744479783433991	0
"3498"	0.922	1.24716316316316	1.73131027326885	0.720357975354947	0
"4069"	0.91	1.22712712712713	1.7244218886394	0.711616533756338	0
"4674"	0.911	1.24031931931932	1.72558974992438	0.718779952983419	0
"4508"	0.897	1.2096006006006	1.69962730187894	0.711685790916265	0
"2926"	0.909	1.26598498498499	1.72248185458857	0.734977254832896	0
"3389"	0.926	1.34586986986987	1.721862124539	0.781636259192476	0
"3936"	0.918	1.21649249249249	1.72818173787714	0.70391467854926	0
"4371"	0.933	1.29981081081082	1.66969063518913	0.778474037894797	0
"2599"	0.931	1.34758658658658	1.68186964781436	0.801243180966976	0
"4648"	0.901	1.20440340340341	1.70314932702658	0.707162539591342	0
"2873"	0.915	1.25903403403403	1.72680501397996	0.729111870675073	0
"4716"	0.899	1.17397297297298	1.70132085447852	0.690036197394888	0
"2647"	0.905	1.1331081081081	1.71310341081852	0.661435906876578	0
"4447"	0.912	1.18544144144144	1.72629432711673	0.68669717719653	0
"4790"	0.889	1.15383283283284	1.67308131049405	0.689645401927369	0
"4004"	0.908	1.20273873873874	1.71991628821424	0.699300743286482	0
"3186"	0.926	1.38791191191191	1.721862124539	0.806052872719706	0
"4456"	0.916	1.22016416416417	1.72683036721382	0.706591792297965	0
"4580"	0.89	1.15105105105105	1.67768331428283	0.686095546907846	0
"3486"	0.935	1.35012512512513	1.67076506723129	0.808087954198426	0
"2606"	0.932	1.41078678678679	1.67368154598259	0.84292426487772	0
"4555"	0.931	1.25349249249249	1.68186964781436	0.74529705326536	0
"2939"	0.917	1.26938038038039	1.72697625717971	0.735030591823753	0
"3332"	0.904	1.19397797797798	1.71049184310533	0.698031962438569	0
"3300"	0.923	1.36243343343344	1.73104873287961	0.787056659674171	0
"4916"	0.906	1.22839239239239	1.71517358066211	0.716191297628422	0
"3049"	0.92	1.24484484484484	1.73214700990067	0.718671589495303	0
"4231"	0.935	1.33811311311312	1.67076506723129	0.800898426330264	0
"3998"	0.938	1.47763363363363	1.67970684870625	0.879697332169448	0
"2504"	0.914	1.27988388388388	1.72678478230715	0.741194789876385	0
"4931"	0.907	1.13748848848849	1.71729131584734	0.662373633402577	0
"3275"	0.934	1.36300700700701	1.66961883069572	0.816358190233783	0
"2959"	0.939	1.4166956956957	1.68392811240508	0.841304141940059	0
"4587"	0.921	1.31207107107107	1.73210754199449	0.757499773692025	0
"3508"	0.916	1.32226626626627	1.72683036721382	0.765718678204447	0
"4197"	0.917	1.21532632632633	1.72697625717971	0.703730767156607	0
"4174"	0.884	1.09563963963964	1.65622850102845	0.66152685994673	0
"3843"	0.925	1.36874374374374	1.72803013817804	0.792083259142045	0
"4242"	0.907	1.27362462462462	1.71729131584734	0.741647391372385	0
"2859"	0.917	1.31943043043043	1.72697625717971	0.764011910960003	0
"3949"	0.931	1.27151051051051	1.68186964781436	0.756010141548648	0
"4258"	0.94	1.36576576576577	1.68847399968033	0.808875805031252	0
"3198"	0.914	1.30991391391391	1.72678478230715	0.758585509517721	0
"3355"	0.905	1.16113613613613	1.71310341081852	0.677796873675796	0
"3705"	0.933	1.37588688688689	1.66969063518913	0.824037014935427	0
"4038"	0.932	1.3226986986987	1.67368154598259	0.790292933487631	0
"3464"	0.92	1.34094094094094	1.73214700990067	0.774149615059428	0
"3228"	0.923	1.30637737737738	1.73104873287961	0.754673945663105	0
"3824"	0.939	1.35463363363364	1.68392811240508	0.804448612535409	0
"3566"	0.912	1.22948548548549	1.72629432711673	0.7122108125901	0
"3074"	0.926	1.35788188188188	1.721862124539	0.788612434485969	0
"3019"	0.938	1.36752352352352	1.67970684870625	0.814144161272441	0
"3700"	0.912	1.22948548548549	1.72629432711673	0.7122108125901	0
"4865"	0.902	1.16556156156156	1.70514047076471	0.683557502473	0
"4323"	0.947	1.55574674674674	1.75304601849698	0.887453455489214	0
"3571"	0.895	1.17114614614615	1.69487553764395	0.690992418106501	0
"3003"	0.93	1.20230230230231	1.6907634884466	0.711100228102824	0
