"orig.ident"	"nCount_RNA"	"nFeature_RNA"	"phenoid"	"RNA_snn_res.2"	"seurat_clusters"	"ident"	"sizeFactor"	"TSNE_1"	"TSNE_2"
"cell_1"	1	16475	2465	1	6	14	14	1.00363840993605	0.364739069993549	-0.286893879379801
"cell_2"	1	19192	2674	1	13	3	3	1.17364900424427	-1.29080066183039	2.18026141335888
"cell_3"	1	11561	2071	1	22	29	29	0.683416438088919	-3.99866916051002	1.41267185634079
"cell_4"	1	18627	2659	1	1	1	1	1.14029535554136	-0.938284865471922	-1.13783935674397
"cell_5"	1	13130	2157	1	24	4	4	0.79215052273064	-2.19408679657482	0.290845151847935
"cell_6"	1	4561	1139	1	18	25	25	0.305261999650816	3.88892327233111	3.37150244478497
"cell_7"	1	13886	2205	1	8	16	16	0.854026015151023	-2.48394712556881	2.72017331087827
"cell_8"	1	26082	3015	1	13	3	3	1.67757777020331	2.12022631392213	0.12209311636527
"cell_9"	1	6053	1423	1	4	12	12	0.378541399551235	-0.65869772709371	-4.52555072402138
"cell_10"	1	20190	2753	1	10	18	18	1.28871489193467	-0.770503619040159	-0.161358091054369
"cell_11"	1	4891	1182	1	12	20	20	0.299612367263202	-1.0690900717751	4.74994231548022
"cell_12"	1	21045	2920	1	25	31	31	1.49306470426257	0.00801202170796831	6.29853869681548
"cell_13"	1	15550	2397	1	28	6	6	0.933408745486325	-1.58424111716365	-2.84911865101379
"cell_14"	1	15010	2488	1	6	14	14	1.01719494354325	-3.01280671240643	-3.72398074839312
"cell_15"	1	10486	1956	1	30	8	8	0.646186297714186	1.28014333679291	2.94054151655689
"cell_16"	1	17154	2504	1	5	13	13	1.03217393657773	-3.27276919596045	0.00669477338695197
"cell_17"	1	4445	1161	1	27	5	5	0.295180316505006	3.40402960151724	-3.96485510781085
"cell_18"	1	9693	1870	1	8	16	16	0.61795792785254	3.47457260492495	-0.890587447766574
"cell_19"	1	13589	2296	1	32	10	10	0.817904368207431	-4.15235575391779	0.00466024934540959
"cell_20"	1	20369	2725	1	24	4	4	1.27719038906073	0.147820952835191	0.232694480539348
"cell_21"	1	8226	1673	1	20	27	27	0.50008086767071	-4.36793617596243	-0.730982746967779
"cell_22"	1	27087	3031	1	3	11	11	1.64255183695295	-0.584859043644248	-2.38733638347593
"cell_23"	1	30190	3129	1	4	12	12	1.80687777675168	-0.466220313083267	1.69244418134561
"cell_24"	1	19024	2636	1	27	5	5	1.20405976243871	-0.360585698227566	-1.64758546680109
"cell_25"	1	8609	1691	1	29	7	7	0.530694378736327	3.16470653057536	4.05345292778302
"cell_26"	1	24344	2986	1	1	1	1	1.54840158924088	-0.508594452436674	-2.46197388586878
"cell_27"	1	11594	2067	1	32	10	10	0.702490867269465	-0.461439353887939	4.5127617708323
"cell_28"	1	26962	3003	1	6	14	14	1.59386599257726	-0.0346544298001868	-1.23280112634804
"cell_29"	1	10871	2052	1	24	4	4	0.68471912187967	3.17172697338818	-3.31295047785424
"cell_30"	1	12407	2224	1	29	7	7	0.782048687750537	-4.16618397207326	0.916691706555363
"cell_31"	1	18735	2641	1	4	12	12	1.13377350600335	0.717655835826785	-3.36199386422253
"cell_32"	1	14484	2326	1	7	15	15	0.891944963264462	-2.85297537236872	-1.00374144768278
"cell_33"	1	23936	2946	1	3	11	11	1.43873235350392	-0.619262003604093	-1.83170692261459
"cell_34"	1	6037	1390	1	17	24	24	0.404517469920539	3.26288488781383	-2.34875857186663
"cell_35"	1	14666	2582	1	25	31	31	1.0222579482284	0.0216182022926538	6.30755149460673
"cell_36"	1	9148	1831	1	9	17	17	0.574362193745941	-3.96942298424857	-0.376051029165416
"cell_37"	1	18402	2655	1	5	13	13	1.15897100278336	-0.495172138694529	-0.733238349899037
"cell_38"	1	12615	2150	1	20	27	27	0.773068634191449	-4.21635105462418	-0.681837887716751
"cell_39"	1	18427	2615	1	28	6	6	1.1018483454561	-3.99184969351841	0.0413493346738363
"cell_40"	1	7866	1636	1	32	10	10	0.456599791353364	3.34765054728162	-3.70076958588828
"cell_41"	1	20469	2727	1	31	9	9	1.29763422175943	0.121487931979406	-3.22886394981061
"cell_42"	1	15976	2405	1	27	5	5	0.983714633248058	-0.935447065498634	2.6609721106536
"cell_43"	1	22400	2914	1	29	7	7	1.42870597180129	0.902084679330946	2.84038609467033
"cell_44"	1	1561	532	1	14	21	21	0.104829663288674	-3.18774922910384	3.80784077233947
"cell_45"	1	17366	2507	1	5	13	13	1.04501061884618	-0.420710730392603	-1.63565209920901
"cell_46"	1	21786	2834	1	13	3	3	1.40456938528698	1.25653646079422	1.28514835765972
"cell_47"	1	2343	722	1	29	7	7	0.155608360200744	2.11714385597304	4.47724255417517
"cell_48"	1	13750	2269	1	29	7	7	0.858949521926518	-0.229894132694255	0.810260168026141
"cell_49"	1	6298	1421	1	4	12	12	0.392997158194623	-3.0231330006949	3.64868663754936
"cell_50"	1	28280	3018	1	16	23	23	1.71574935837149	0.0816860878601349	-0.456778261639386
"cell_51"	1	36325	3258	2	28	6	6	2.13416462549441	0.768208369363627	-1.17090851331038
"cell_52"	1	9913	1930	2	11	19	19	0.616774953875715	-3.65025088870498	-2.05448543694902
"cell_53"	1	10534	1952	2	2	2	2	0.622871688793499	-0.376851410483407	-3.03365209008022
"cell_54"	1	19669	2679	2	8	16	16	1.15741744232348	3.10287636443187	-0.49364307325201
"cell_55"	1	14149	2291	2	4	12	12	0.904654497059759	2.03852695181846	-2.79994380663397
"cell_56"	1	12023	2116	2	9	17	17	0.745222440136907	-1.10017909027223	2.1119492468235
"cell_57"	1	16227	2504	2	31	9	9	1.01051661089994	-1.08332552706898	0.40571988034711
"cell_58"	1	29076	3088	2	28	6	6	1.7610887651209	0.527361879274687	0.153208206625216
"cell_59"	1	20123	2704	2	31	9	9	1.18644951080032	-3.4716624323952	2.16849233230083
"cell_60"	1	9319	1880	2	27	5	5	0.58590611429833	1.71462672154152	-3.81617343534982
"cell_61"	1	7019	1505	2	13	3	3	0.43544957319438	1.95852578815841	4.38957411760606
"cell_62"	1	16540	2463	2	27	5	5	1.03663709945754	-1.43863604613261	1.23047447525117
"cell_63"	1	15398	2409	2	11	19	19	0.957905789135643	3.54252414452224	0.614933027546586
"cell_64"	1	18410	2612	2	6	14	14	1.13029023098916	-1.00248786110768	-1.26999307377718
"cell_65"	1	20303	2718	2	7	15	15	1.23740707462439	-1.42444900034236	1.76516377582507
"cell_66"	1	11042	2044	2	2	2	2	0.672117505041405	2.69540245263401	-2.03388990688074
"cell_67"	1	14147	2332	2	11	19	19	0.848672870027136	-1.88935736104851	-3.14228523268308
"cell_68"	1	15124	2360	2	7	15	15	0.911976226170799	1.5229497859155	-0.446131160663664
"cell_69"	1	18379	2619	2	10	18	18	1.13702157635874	2.98668852124455	-1.09245268797479
"cell_70"	1	22998	2861	2	28	6	6	1.47218762197354	0.577146943690458	0.502218644242709
"cell_71"	1	24682	2923	2	5	13	13	1.43882949572605	-2.8982422310831	-0.611708171445437
"cell_72"	1	12592	2145	2	15	22	22	0.781497481836694	-1.57016487672572	-3.8568928884105
"cell_73"	1	14963	2327	2	13	3	3	0.903604368177146	0.331122688282366	0.608017000997886
"cell_74"	1	18641	2564	2	28	6	6	1.10625975556318	0.830376460914477	-1.56385517145311
"cell_75"	1	17699	2565	2	6	14	14	1.10468565820151	-1.0725765864857	-1.41098403858629
"cell_76"	1	21589	2828	2	28	6	6	1.31113426488176	2.12950203270382	-1.17267134497315
"cell_77"	1	18509	2558	2	10	18	18	1.10971450246067	-0.56156102105484	0.487413053095687
"cell_78"	1	18716	2608	2	3	11	11	1.12268913160916	1.75446615497197	-0.642379694954402
"cell_79"	1	21583	2832	2	32	10	10	1.34109611455924	-0.685260937330815	0.827214391997141
"cell_80"	1	19731	2728	2	13	3	3	1.23676031753957	1.56851557408024	0.923531444514632
"cell_81"	1	17056	2484	2	22	29	29	1.02469193399307	-3.56809657100948	-1.59008161305252
"cell_82"	1	15968	2437	2	3	11	11	1.00165091285388	3.75681719299134	1.83884129260229
"cell_83"	1	16408	2494	2	3	11	11	0.984624744628365	-3.67019401798852	0.712408644608114
"cell_84"	1	24775	2936	2	22	29	29	1.49601097962017	0.532085231827241	-2.16958160254157
"cell_85"	1	5736	1336	2	31	9	9	0.362809791005743	3.16505619093369	3.78379304681393
"cell_86"	1	21801	2847	2	31	9	9	1.36171788000807	-2.64858907089956	0.740353409655077
"cell_87"	1	15487	2394	2	7	15	15	0.961312320066048	1.41397485120141	3.73125699012395
"cell_88"	1	22637	2866	2	32	10	10	1.4137791712153	-0.0281716255450239	-0.853199364213017
"cell_89"	1	21993	2823	2	23	30	30	1.30841659583919	-0.644512668058354	1.85665531755262
"cell_90"	1	13539	2297	2	7	15	15	0.842691107021893	-4.03915619904874	-2.81081501138776
"cell_91"	1	11991	2170	2	4	12	12	0.73858739176446	-1.67542312023058	1.27913568692277
"cell_92"	1	23202	2897	2	2	2	2	1.47189700561726	-0.449491499305986	-2.56883135290474
"cell_93"	1	23408	2997	2	2	2	2	1.48366370610502	0.9751069887241	2.48600566092433
"cell_94"	1	17252	2552	2	2	2	2	1.02192387350601	-1.78710995093181	2.20942797046871
"cell_95"	1	29821	3096	2	26	32	32	1.79492568135854	-0.91396376603524	0.376594430242857
"cell_96"	1	14682	2336	2	24	4	4	0.906063352305587	0.541125047707663	0.129813258237104
"cell_97"	1	24078	2956	2	8	16	16	1.47562639918637	-2.19307838159884	1.00885938629416
"cell_98"	1	9520	1896	2	30	8	8	0.601980771694529	-2.67829098472476	1.72344514707341
"cell_99"	1	12068	2158	2	27	5	5	0.730371202489836	4.26133610548375	-3.78780836987125
"cell_100"	1	6067	1427	2	10	18	18	0.349673871016353	2.10435874947739	2.80807721497207
"cell_101"	1	21010	2752	2	9	17	17	1.36535625034051	1.49979543171183	2.09360937720509
"cell_102"	1	17844	2595	2	3	11	11	1.06682286464633	1.40192922814697	-3.04996719416457
"cell_103"	1	25543	3001	2	8	16	16	1.58606413898793	-0.96999320698362	-2.75972680506049
"cell_104"	1	14988	2387	2	16	23	23	0.949679692377093	0.318352190061562	-0.626085797398271
"cell_105"	1	16030	2480	2	27	5	5	1.04867363505588	-1.59634287473021	3.10747668458982
"cell_106"	1	13326	2249	2	18	25	25	0.82124013706196	-0.541968963764404	-1.7045894425466
"cell_107"	1	7874	1647	2	2	2	2	0.490505390212929	-2.61702845983883	2.54976975651587
"cell_108"	1	5344	1273	2	32	10	10	0.321117142884383	0.61691778386778	4.80203539199461
"cell_109"	1	31757	3159	2	17	24	24	1.85960338854605	1.0093055873488	1.31990240106352
"cell_110"	1	14661	2387	2	14	21	21	0.878417363750237	-0.567752354909237	-0.0456662352921226
"cell_111"	1	19099	2677	2	27	5	5	1.14271357266608	-1.24078438791118	1.86766817846227
"cell_112"	1	5136	1211	2	11	19	19	0.304990719540327	3.88418019489352	0.604121999320021
"cell_113"	1	14997	2336	2	27	5	5	0.887236962313872	3.21708600793567	-1.54661740003448
"cell_114"	1	11476	2070	2	8	16	16	0.721004320854428	3.23456600906502	-1.97116065857778
"cell_115"	1	13513	2256	2	9	17	17	0.821345713581811	-0.585228122489181	1.25093307981773
"cell_116"	1	17373	2488	2	6	14	14	1.03817560712297	-1.69438498853008	-2.8551497684452
"cell_117"	1	17871	2607	2	13	3	3	1.1359074993989	-0.0622742415103086	4.18343882582749
"cell_118"	1	17668	2501	2	9	17	17	1.0844063124946	-2.69830726384308	-0.899297153376746
"cell_119"	1	9773	1854	2	2	2	2	0.584049465382755	2.81109379071562	0.371772919024714
"cell_120"	1	20058	2771	2	18	25	25	1.23102698584137	-2.33888537672013	1.68880133992842
"cell_121"	1	9111	1824	2	31	9	9	0.576124878363363	3.32580343901291	-0.294219755189527
"cell_122"	1	19350	2722	2	9	17	17	1.16229587436694	-0.39489281299334	1.76444745052669
"cell_123"	1	18764	2702	2	4	12	12	1.15247116186693	-0.157686144854112	2.30280969197108
"cell_124"	1	7771	1662	2	24	4	4	0.514608799294594	-0.836064681893588	2.48842865870152
"cell_125"	1	12783	2205	2	28	6	6	0.826216805023831	3.06564720070908	-1.93956097204678
"cell_126"	1	16925	2512	2	27	5	5	1.04693201617101	-5.38193003698655	0.666668048111013
"cell_127"	1	20613	2702	2	18	25	25	1.29407520061382	-1.59814327053294	0.423373033968054
"cell_128"	1	26131	2979	2	19	26	26	1.63020654692895	0.369174040265142	-0.772075126966328
"cell_129"	1	9594	1842	2	28	6	6	0.597850299651782	0.818516936013079	-2.37009517044428
"cell_130"	1	23077	2904	2	28	6	6	1.45494283361856	2.43298047072076	-1.01758394947467
"cell_131"	1	16786	2509	2	1	1	1	0.944704384419374	-2.45922410429922	-2.2056880663184
"cell_132"	1	19914	2675	2	14	21	21	1.18431448085417	-1.12117691659725	-0.698218083315178
"cell_133"	1	14778	2360	2	30	8	8	0.887000722749496	-4.75315430301889	2.05615098011706
"cell_134"	1	11391	2036	2	11	19	19	0.676183007318934	-1.6893256951324	-3.98571976813591
"cell_135"	1	8954	1749	2	4	12	12	0.534057981718322	2.48399377315406	-2.57291680134206
"cell_136"	1	10181	1881	2	3	11	11	0.623633497145747	1.02548897991352	-4.69526448602386
"cell_137"	1	18873	2672	2	2	2	2	1.24127152835073	1.8842311011321	-1.26609366274483
"cell_138"	1	17962	2575	2	32	10	10	1.11476241024195	0.266739835270462	0.38473585191432
"cell_139"	1	5154	1273	2	27	5	5	0.335185868109726	-2.1719367145673	3.6825038873179
"cell_140"	1	6695	1512	2	13	3	3	0.416765987667711	3.94644335223846	-0.0984288957513608
"cell_141"	1	17409	2510	2	28	6	6	1.09160367390436	1.22046895857923	-1.29548513728601
"cell_142"	1	16135	2382	2	32	10	10	0.906872587464827	-1.36103443050216	0.570389958417017
"cell_143"	1	18076	2650	2	28	6	6	1.08042991225418	1.26882797932183	-1.47327374281659
"cell_144"	1	10821	1967	2	14	21	21	0.689693723619556	-2.76452106018294	4.12755331594198
"cell_145"	1	7912	1661	2	21	28	28	0.501333349399129	3.10100936561719	-0.850866562316775
"cell_146"	1	24217	2926	2	8	16	16	1.5138803667654	-1.02568778253221	1.37413957788767
"cell_147"	1	19218	2662	2	4	12	12	1.13879624740362	-0.644100167411773	1.6896022293968
"cell_148"	1	17820	2581	2	6	14	14	1.11540618265229	-3.02364990359052	-0.153720288236164
"cell_149"	1	18094	2600	2	13	3	3	1.09833958214385	2.14713393475995	0.847226615379399
"cell_150"	1	31230	3252	2	28	6	6	1.86924548430564	0.714826983634711	-1.05427201782145
"cell_151"	1	20324	2768	2	13	3	3	1.28592976913566	1.86282299150337	0.966857712877178
"cell_152"	1	15412	2429	2	21	28	28	0.974287373854962	0.74145726851534	-1.05130872018681
"cell_153"	1	12238	2152	2	13	3	3	0.736856015258513	3.18761814872482	-0.0261090380593998
"cell_154"	1	13104	2247	2	28	6	6	0.809299514058254	2.03764295870737	1.06148982790484
"cell_155"	1	13723	2256	2	6	14	14	0.85134232288288	-1.18238483416678	2.01107372724144
"cell_156"	1	21273	2712	2	2	2	2	1.22727243036462	2.0411924281788	-1.57276901958073
"cell_157"	1	19562	2726	2	9	17	17	1.27531523372058	-2.83910161232127	-2.05342185023792
"cell_158"	1	20886	2804	2	15	22	22	1.29213969052075	-2.65403291491184	-3.2911447994529
"cell_159"	1	5247	1160	2	3	11	11	0.325489059952463	-1.58631703635505	-4.10132668059294
"cell_160"	1	19203	2680	2	24	4	4	1.16086642086981	0.346323393226051	0.358296072377132
"cell_161"	1	14597	2310	2	5	13	13	0.885012722534255	1.44129154994489	-0.43556379414159
"cell_162"	1	20690	2742	2	32	10	10	1.25111218771705	0.73959776009878	-0.577045942874292
"cell_163"	1	12989	2248	2	1	1	1	0.847061944198703	3.73979252961146	3.13921934062493
"cell_164"	1	18046	2620	2	27	5	5	1.09339833773385	1.2095118810504	0.46640836348948
"cell_165"	1	10471	1944	2	14	21	21	0.66161718094562	3.3462671191718	-2.27058579686745
"cell_166"	1	6387	1375	2	1	1	1	0.386604783312093	0.659267155609111	-0.956991984960234
"cell_167"	1	14539	2326	2	15	22	22	0.939805095118697	-1.35574534690458	-3.5962627845839
"cell_168"	1	22055	2810	2	10	18	18	1.35161274657691	-1.03940944225328	0.629898763357134
"cell_169"	1	16515	2478	3	2	2	2	1.0250781939096	4.38386230032873	-1.574020668111
"cell_170"	1	5412	1279	3	29	7	7	0.351227804539524	-4.32932538870125	1.45300624148052
"cell_171"	1	22742	2856	3	13	3	3	1.41154658196189	0.981249579165505	3.53346570489837
"cell_172"	1	17613	2555	3	30	8	8	1.12561612813139	3.76980797384383	-0.543490033509474
"cell_173"	1	17378	2514	3	4	12	12	1.06884769993555	-0.632506996927954	1.41231496900434
"cell_174"	1	4316	1109	3	29	7	7	0.284594139301525	0.364521705879007	2.78625414604309
"cell_175"	1	21408	2834	3	5	13	13	1.35135435063832	0.110937859934307	-0.526029919828229
"cell_176"	1	21350	2821	3	21	28	28	1.26315162686675	-0.392751067131856	-0.430542797191978
"cell_177"	1	14370	2318	3	17	24	24	0.906314082120048	1.66545572767894	-1.01503924557347
"cell_178"	1	16868	2563	3	5	13	13	1.04506018073591	-2.52144243780021	-0.22864059994269
"cell_179"	1	6835	1580	3	14	21	21	0.438407636088216	1.45349364766611	3.49105126909271
"cell_180"	1	14340	2358	3	6	14	14	0.889716915639117	-2.81115679864094	-4.07909025074405
"cell_181"	1	14229	2261	3	20	27	27	0.853079426667027	-0.857628708832355	-0.44028223594801
"cell_182"	1	12777	2226	3	27	5	5	0.786066305399334	-1.00987586606825	3.41867696114237
"cell_183"	1	13178	2248	3	6	14	14	0.801535906650235	-0.604350789619214	-3.35753519073316
"cell_184"	1	19736	2732	3	2	2	2	1.22974366848078	1.96533372002377	-3.77402808756192
"cell_185"	1	1968	646	3	17	24	24	0.126282535845777	-3.94829319093737	-1.69435001448732
"cell_186"	1	12735	2168	3	3	11	11	0.771599274749485	-2.74935721284087	-1.55454561186442
"cell_187"	1	14578	2375	3	3	11	11	0.907053224365742	-1.6492355275353	2.18277696561288
"cell_188"	1	22882	2886	3	27	5	5	1.34588324898866	-4.06232467496816	1.71491440554178
"cell_189"	1	21989	2841	3	16	23	23	1.37186029242505	-1.35538777391601	-0.947951495641385
"cell_190"	1	28447	3120	3	32	10	10	1.7179497928604	1.78472174449934	-0.373471873394828
"cell_191"	1	14702	2316	3	30	8	8	0.906554017713662	-3.30448096473343	1.05262801828051
"cell_192"	1	9701	1893	3	13	3	3	0.599512168231686	3.54856192331839	-1.41071477854759
"cell_193"	1	28145	3136	3	1	1	1	1.68791741550967	0.526345979325679	-3.79300130018911
"cell_194"	1	14587	2400	3	2	2	2	0.898017365727782	-2.11166815584861	2.02497788816574
"cell_195"	1	21207	2808	3	24	4	4	1.30295119739088	0.539120807467322	-1.2651660989968
"cell_196"	1	19247	2729	3	27	5	5	1.24972266369991	1.88487985606226	-3.51915609672549
"cell_197"	1	13599	2280	3	5	13	13	0.848309820791873	1.83646631916027	-0.224700095949196
"cell_198"	1	9837	1902	3	2	2	2	0.593156272852539	2.33058274082054	-3.02837093884307
"cell_199"	1	25704	2944	3	32	10	10	1.56487921186076	-0.246082622505573	1.1596547618835
"cell_200"	1	16214	2431	3	11	19	19	0.9822777660402	-1.19553065152607	0.901399886689455
"cell_201"	1	19623	2681	3	7	15	15	1.19833752866528	1.66343831301486	1.33225222380017
"cell_202"	1	4937	1207	3	12	20	20	0.328195959390637	4.15919479132803	2.11265561582534
"cell_203"	1	16921	2541	3	7	15	15	1.09316784754406	2.13300083339549	-0.757364003093137
"cell_204"	1	17852	2515	3	30	8	8	1.0583130935013	-3.56185795801737	-0.528695296536464
"cell_205"	1	22191	2909	3	13	3	3	1.41203642832166	-0.155326025292568	0.224056915351907
"cell_206"	1	24264	2929	3	28	6	6	1.50707393647989	1.85120612147324	-2.22024462621258
"cell_207"	1	24224	2934	3	5	13	13	1.52746658859738	1.17021946912446	-0.495759117376388
"cell_208"	1	15682	2423	3	14	21	21	0.970504880918256	0.208218239598594	-1.45026312720913
"cell_209"	1	20243	2731	3	9	17	17	1.23421433149672	3.04278602182229	-2.74240207747929
"cell_210"	1	12912	2184	3	27	5	5	0.771451160656795	-2.20815628996606	3.08055645478695
"cell_211"	1	23029	2903	3	12	20	20	1.40775994761115	2.09945358883185	-2.60638530784982
"cell_212"	1	5925	1306	3	29	7	7	0.34843859719311	-4.19604790553678	2.0959659637818
"cell_213"	1	14087	2335	3	6	14	14	0.865189900408384	0.912785898013768	-0.796201468821698
"cell_214"	1	7390	1661	3	8	16	16	0.465989286991425	0.175051006787398	-4.31845094509
"cell_215"	1	12668	2219	3	1	1	1	0.776857967091907	3.32965865367022	0.951365778780107
"cell_216"	1	11340	2057	3	28	6	6	0.704749814635036	1.14835538448765	-1.42753273889617
"cell_217"	1	27215	3010	3	14	21	21	1.66499916270632	0.348087162637611	3.64784494085141
"cell_218"	1	20445	2705	3	9	17	17	1.21165138020016	-2.28461986825319	-0.44264046539798
"cell_219"	1	9271	1880	3	30	8	8	0.587110885762434	3.89706920118777	1.34351398616409
"cell_220"	1	13743	2274	3	13	3	3	0.917300990332864	1.82321912204557	1.54303015665036
"cell_221"	1	9718	1897	3	27	5	5	0.61533851095183	-0.505927031518166	-1.82868425010944
"cell_222"	1	29049	3146	3	2	2	2	1.82040292054797	1.92286403985514	-1.19060586734827
"cell_223"	1	22354	2925	3	17	24	24	1.44735762734875	-0.15808116615981	0.510700534617144
"cell_224"	1	15269	2365	3	2	2	2	0.904850187596496	3.13018697741817	3.46492536440068
"cell_225"	1	18906	2683	3	12	20	20	1.11393176656836	-0.377549637718944	-0.455990164660661
"cell_226"	1	11379	2020	3	16	23	23	0.664266028173463	-4.47972806387748	-0.454947011180649
"cell_227"	1	10712	2052	3	31	9	9	0.686069150210408	4.30495915012218	0.855017915100711
"cell_228"	1	19516	2749	3	10	18	18	1.19391081433464	0.34987101994483	-1.89317231306842
"cell_229"	1	19517	2732	3	27	5	5	1.20143821002394	-0.519825363303501	2.14560444869667
"cell_230"	1	19544	2718	3	29	7	7	1.24162318826893	0.940391796050739	-1.81369779792465
"cell_231"	1	26898	2974	3	29	7	7	1.57976071189494	0.0402136252378754	1.56623060568938
"cell_232"	1	13103	2202	3	24	4	4	0.828901005189249	-1.99873363969996	0.551587224469154
"cell_233"	1	20623	2783	3	28	6	6	1.24924967960181	0.871405489374812	-1.52844115322895
"cell_234"	1	13160	2248	3	3	11	11	0.837512093046775	-0.509688021186443	-4.77931615417064
"cell_235"	1	4331	1096	3	8	16	16	0.271516721047807	4.08187994837448	0.397379143303087
"cell_236"	1	10117	1909	3	13	3	3	0.630045394022812	2.01695596692501	3.32504218594815
"cell_237"	1	8630	1772	3	2	2	2	0.528519247438546	2.30742781124702	-2.75785153116209
"cell_238"	1	7786	1673	3	6	14	14	0.508981642270803	-1.6317993005921	-0.813512191826662
"cell_239"	1	11012	1989	3	4	12	12	0.67708020727711	-0.115760855759072	3.22863702939876
"cell_240"	1	14367	2356	3	28	6	6	0.904099310222337	0.50556420370727	-1.66454848712366
"cell_241"	1	19767	2699	3	28	6	6	1.19988428180715	2.68426122625125	-0.819900095826838
"cell_242"	1	18339	2613	3	11	19	19	1.15472365838909	-1.08653384882293	0.56699096976044
"cell_243"	1	13842	2364	3	3	11	11	0.888942226163941	4.08827602886279	3.11608643874576
"cell_244"	1	8757	1728	3	12	20	20	0.578869918426122	-2.31992802603817	1.40840645416264
"cell_245"	1	22560	2837	3	4	12	12	1.36109406752217	-0.172944954362954	2.96050506174156
"cell_246"	1	24351	2942	3	29	7	7	1.4850925950291	0.270994049934997	2.1930970302613
"cell_247"	1	13580	2202	3	3	11	11	0.794254089717721	-0.504757559362577	-2.91910512458879
"cell_248"	1	10080	1940	3	8	16	16	0.632998047271999	-0.149848124235564	4.36335782767206
"cell_249"	1	21305	2747	3	4	12	12	1.2893770203476	-0.035076060451446	2.49189024405565
"cell_250"	1	9414	1804	3	2	2	2	0.568375390581553	0.411586730177884	-4.40028309939389
"cell_251"	1	13567	2272	3	32	10	10	0.855143032712751	-0.705118781584399	2.66081709103761
"cell_252"	1	13087	2238	3	29	7	7	0.830020012290281	-4.85312773842123	2.02961762197167
"cell_253"	1	17188	2495	3	2	2	2	1.0647399986767	2.47438799387522	-1.1009217399437
"cell_254"	1	21423	2828	3	30	8	8	1.25649658009845	-3.47729493822753	0.919925096542749
"cell_255"	1	13434	2333	3	29	7	7	0.872112653177018	-1.89127675405471	0.798176104198184
"cell_256"	1	4260	1035	3	12	20	20	0.247550138342979	-1.24458399723075	4.73591694529381
"cell_257"	1	7413	1539	3	32	10	10	0.486152944493003	0.329360389137642	-1.39447555804202
"cell_258"	1	20631	2762	3	11	19	19	1.29819242351986	-1.1748395565025	-0.956446846596989
"cell_259"	1	19392	2661	3	7	15	15	1.21078845315802	-2.52089755388845	-1.24827252393222
"cell_260"	1	15631	2450	3	9	17	17	0.983389845264183	-3.3034208364763	-0.941383333295436
"cell_261"	1	19718	2694	3	10	18	18	1.20163785689154	-2.24752474202462	-0.0930562526515638
"cell_262"	1	14968	2414	3	9	17	17	0.945172317253481	-0.502653107726597	1.38956489897611
"cell_263"	1	33063	3194	3	9	17	17	2.08554671279214	-2.28434974773413	-2.1647427733497
"cell_264"	1	24525	2938	3	27	5	5	1.55664364613839	-1.98465798985301	3.27685051575136
"cell_265"	1	15447	2413	3	13	3	3	0.94661855156782	2.19529002368137	0.234973991896169
"cell_266"	1	7883	1667	3	30	8	8	0.489614240208187	-1.97122440882748	3.497221083886
"cell_267"	1	32992	3309	3	10	18	18	2.13699778777803	0.813088376654249	1.75330174998446
"cell_268"	1	8950	1785	3	14	21	21	0.545263568567507	-4.77255717760547	-2.468613171955
"cell_269"	1	13181	2261	3	11	19	19	0.835815191730156	-1.04894164039919	1.8068149825373
"cell_270"	1	18180	2564	3	24	4	4	1.14564276351868	-0.50894263956639	-0.291419035006569
"cell_271"	1	3146	847	3	32	10	10	0.196808323337168	-0.748718414006864	4.25149341886673
"cell_272"	1	16521	2472	3	3	11	11	1.01424244413561	-0.713741076842777	-2.82576387361328
"cell_273"	1	16271	2447	3	16	23	23	0.949095695258884	-2.94945213385182	-1.23090933937668
"cell_274"	1	20602	2695	3	13	3	3	1.20788003443015	0.860433510111732	0.691990454207829
"cell_275"	1	9818	1939	3	4	12	12	0.642546747548641	-0.246173793805927	1.28318859249647
"cell_276"	1	17703	2590	3	5	13	13	1.09839536539543	-1.8532628188621	2.23137301009276
"cell_277"	1	24025	2986	3	14	21	21	1.56664088457578	0.770488530035537	0.383483043446048
"cell_278"	1	24659	2930	3	4	12	12	1.45512586541571	0.201559054252878	0.111684813468817
"cell_279"	1	9363	1862	3	10	18	18	0.559879697016681	-2.12210327310594	-3.51714282223847
"cell_280"	1	3594	984	3	24	4	4	0.213111722887769	4.3591591218568	-3.82131541114045
"cell_281"	1	18580	2690	3	31	9	9	1.19233334908388	-2.01644037226658	-0.377036244201325
"cell_282"	1	12019	2075	3	24	4	4	0.74152730966434	-1.74252360697545	1.21408272509194
"cell_283"	1	15090	2402	3	29	7	7	0.91297558545483	2.93104369793268	-3.09996001814494
"cell_284"	1	24739	3024	3	10	18	18	1.58747363793307	-0.829557666934421	0.224087285946931
"cell_285"	1	10357	1896	3	7	15	15	0.624519232380182	-4.0384643985016	-2.36164310117307
"cell_286"	1	7026	1518	3	7	15	15	0.436215030769573	-4.23499904331028	-3.00692906235236
"cell_287"	1	22230	2791	3	32	10	10	1.37036796620244	1.02246222917252	-0.477958586999693
"cell_288"	1	20673	2749	4	19	26	26	1.25301499318401	2.20144218848958	0.477331553647561
"cell_289"	1	9550	1921	4	3	11	11	0.600966803436804	3.86848379137264	-3.10034383653754
"cell_290"	1	20212	2697	4	30	8	8	1.23689822605877	2.61647427146038	0.865963705837925
"cell_291"	1	11177	1984	4	25	31	31	0.680617020646358	-1.34994033107763	4.1229256022183
"cell_292"	1	30334	3144	4	13	3	3	1.84192063438833	1.702812008131	1.01443693706389
"cell_293"	1	21871	2906	4	1	1	1	1.38436456302839	3.33877631043617	0.846228989955794
"cell_294"	1	19353	2632	4	32	10	10	1.1699696568387	0.810547228172078	-2.10370638862841
"cell_295"	1	9211	1844	4	24	4	4	0.574811463751424	4.37526760500951	-1.18141274549423
"cell_296"	1	19783	2671	4	26	32	32	1.19719621798811	-1.27198379614339	0.441925364031724
"cell_297"	1	11833	2104	4	2	2	2	0.770301331640019	1.40155852142251	0.961783096205152
"cell_298"	1	22359	2766	4	19	26	26	1.34020352336854	2.52931799226969	-0.425082081287862
"cell_299"	1	16534	2432	4	11	19	19	0.947044211290778	-5.26590725779532	-0.184909601417741
"cell_300"	1	8578	1684	4	30	8	8	0.533187958358969	-1.57376353440069	4.37049942973387
"cell_301"	1	7589	1569	4	24	4	4	0.464112238008403	4.58905582084689	-2.46324124010479
"cell_302"	1	27510	3054	4	5	13	13	1.69490350776626	-2.95590138543633	-0.4915688774105
"cell_303"	1	14919	2321	4	19	26	26	0.925393918518991	3.0360664432401	-0.0883919408979378
"cell_304"	1	20583	2746	4	21	28	28	1.21553053105689	0.590750529290821	-2.3373970962992
"cell_305"	1	17714	2514	4	17	24	24	1.05162797272763	-0.338469946144212	-0.24479528814085
"cell_306"	1	12527	2105	4	13	3	3	0.724625530166981	1.79758590811917	1.07714926332212
"cell_307"	1	12686	2158	4	4	12	12	0.763877953766901	-1.74547394748784	3.07756949889707
"cell_308"	1	15833	2398	4	24	4	4	0.968856317163522	0.345102635900263	0.296420457942058
"cell_309"	1	15433	2436	4	5	13	13	0.955631846860157	1.40126530393535	-0.450709265978903
"cell_310"	1	15060	2414	4	32	10	10	0.931836294187598	1.95616274612929	-0.178523180356364
"cell_311"	1	5732	1301	4	27	5	5	0.334731693880882	-2.34379737133557	3.63206005576322
"cell_312"	1	20625	2743	4	16	23	23	1.24777747880061	-1.00426376807218	-0.909856640038004
"cell_313"	1	9547	1858	4	23	30	30	0.595717911035672	-1.54987203232416	2.40497669190626
"cell_314"	1	24296	2917	4	17	24	24	1.44180392793909	-0.530736723013882	1.32842522318671
"cell_315"	1	13041	2202	4	19	26	26	0.857431107855246	-1.95102618904174	0.252123587958696
"cell_316"	1	11655	2079	4	16	23	23	0.711345931452518	4.38632671613309	-1.33678208585889
"cell_317"	1	17850	2582	4	2	2	2	1.0424110415872	-1.41688924417256	-0.442867487284447
"cell_318"	1	17888	2562	4	2	2	2	1.05802764470493	2.21935644533987	-1.20798914171505
"cell_319"	1	15131	2314	4	27	5	5	0.862307295806907	0.956530524249455	-3.10360841762244
"cell_320"	1	24498	3022	4	31	9	9	1.49534970707466	-1.82661008546993	-0.62430374067502
"cell_321"	1	12730	2205	4	32	10	10	0.813340439275241	0.339186786473965	1.26813842634067
"cell_322"	1	17339	2606	4	29	7	7	1.08392068283546	2.27754531101725	-4.1265659276937
"cell_323"	1	14691	2386	4	32	10	10	0.938833959526477	0.653090472489984	-0.467367442091814
"cell_324"	1	9193	1815	4	24	4	4	0.544518624677725	-1.72336281186306	-4.71878367775134
"cell_325"	1	10934	1994	4	21	28	28	0.711611182509524	3.02382189052985	-3.95476400697854
"cell_326"	1	21222	2788	4	5	13	13	1.35382181174624	1.36696319697744	0.670648223466101
"cell_327"	1	10482	1963	4	3	11	11	0.652725076021619	-5.31392376648036	0.665758451036707
"cell_328"	1	22967	2864	4	16	23	23	1.34099994268551	0.957104853711207	-1.19786484055815
"cell_329"	1	19366	2718	4	32	10	10	1.20956655574947	0.0775688454405362	-1.08249786886512
"cell_330"	1	8133	1711	4	24	4	4	0.519335921660343	0.281015923577595	0.263225104426104
"cell_331"	1	24558	2929	4	13	3	3	1.52875714994357	3.77359718764875	2.4168359116959
"cell_332"	1	16707	2467	4	6	14	14	1.01447323544306	-0.289648432412207	0.260951803857776
"cell_333"	1	14771	2385	4	29	7	7	0.916168606941078	-2.09229967556824	0.728416780962092
"cell_334"	1	13189	2280	4	1	1	1	0.851686562063378	1.23278223574204	-3.28880813637608
"cell_335"	1	18389	2649	4	7	15	15	1.11899068426472	-2.38157790068618	-2.06654440852649
"cell_336"	1	13465	2265	4	12	20	20	0.814450734749955	-0.405255246806622	0.0214221466307459
"cell_337"	1	27290	3051	4	24	4	4	1.65393880153027	-0.799258407908424	2.01473347826896
"cell_338"	1	12102	2084	4	11	19	19	0.712817974343793	-4.54951199991786	1.06048608172479
"cell_339"	1	17600	2500	4	6	14	14	1.06690555325986	0.584082306237588	-1.16425508836088
"cell_340"	1	32274	3242	4	32	10	10	2.03386642393475	-1.36915452927626	0.0669750598542797
"cell_341"	1	24469	2970	4	2	2	2	1.53630239222439	0.833181159448332	0.224997760508249
"cell_342"	1	19039	2648	4	8	16	16	1.16534347522714	0.607460993872857	-1.1719043705329
"cell_343"	1	17532	2584	4	28	6	6	1.10137931818424	-0.188802785821823	2.40497886173945
"cell_344"	1	19949	2728	4	10	18	18	1.27324462987138	-0.447415566029117	1.99674331719672
"cell_345"	1	3897	1002	4	14	21	21	0.239788591616777	0.592871398706982	4.39720427870921
"cell_346"	1	11945	2136	4	7	15	15	0.748942313597472	-3.25805308399619	-2.42187832110517
"cell_347"	1	14334	2376	4	5	13	13	0.912371299049614	1.32405175199126	-2.249358247822
"cell_348"	1	23763	2908	4	24	4	4	1.39877526247508	-1.48315270997027	-2.11920609559172
"cell_349"	1	19218	2709	4	31	9	9	1.22660033577123	-2.92525758874614	2.79734808011695
"cell_350"	1	21559	2755	4	24	4	4	1.30786378887782	-2.00641891853438	0.127596130951462
"cell_351"	1	15592	2417	4	3	11	11	0.930328402118829	-1.91482575826479	1.60861374058382
"cell_352"	1	15149	2369	4	2	2	2	0.937178234689061	2.38232738451753	-1.89728144622178
"cell_353"	1	21441	2821	4	27	5	5	1.32800169519218	0.317557611352023	1.14327414333115
"cell_354"	1	11253	2037	4	3	11	11	0.682023335973995	-0.303646959902379	-5.09993090470811
"cell_355"	1	25795	2952	4	2	2	2	1.47479949756944	1.16432646398365	0.168516084565418
"cell_356"	1	14299	2297	4	10	18	18	0.868304055602539	0.494206585954416	1.07879436044665
"cell_357"	1	11882	2089	4	28	6	6	0.749643883026718	-2.29752821500216	0.269255751671626
"cell_358"	1	26211	2928	4	32	10	10	1.53219378611161	1.11588932712569	-0.489485372921178
"cell_359"	1	15446	2589	4	28	6	6	1.07742705329221	3.04463962721999	0.689586075412904
"cell_360"	1	26687	3043	4	11	19	19	1.62865091041026	-0.969887483394997	-0.120004174071788
"cell_361"	1	10978	1966	4	16	23	23	0.718570366376022	-4.67810784412939	-1.43340199512137
"cell_362"	1	27334	3069	4	9	17	17	1.70230497242133	-1.40290502874805	0.655555159587901
"cell_363"	1	12921	2218	4	16	23	23	0.827133329729856	-1.55423108494745	-1.38600942465221
"cell_364"	1	12687	2201	4	6	14	14	0.79671189630168	-1.78325324071994	-2.73034618607688
"cell_365"	1	13470	2274	4	9	17	17	0.851059706373551	-2.35897388134288	-1.54312260296722
"cell_366"	1	20035	2722	4	1	1	1	1.21228369815764	0.579989910625395	-2.5539291602114
"cell_367"	1	19388	2775	4	27	5	5	1.28688032456235	0.0364806332980143	0.2731659566673
"cell_368"	1	12578	2199	4	19	26	26	0.762541745440203	1.62846202895682	-0.567666105492582
"cell_369"	1	28482	3158	4	6	14	14	1.79585273349093	-0.555418145941304	-1.39480329094757
"cell_370"	1	13637	2189	4	12	20	20	0.816009280467231	1.87243437169385	-0.101819063125489
"cell_371"	1	17155	2524	4	24	4	4	1.07076306513328	1.18257897337971	0.650131087519978
"cell_372"	1	16888	2492	4	30	8	8	1.04879847125467	-3.91240180501844	0.129633781766918
"cell_373"	1	23252	2809	4	20	27	27	1.43052049753343	-0.782102805741497	-0.974006668944166
"cell_374"	1	3506	886	4	30	8	8	0.204534548446061	4.05997802778134	-0.72754934119955
"cell_375"	1	21387	2844	4	32	10	10	1.28716175908426	-1.03498668015716	0.627388116969501
"cell_376"	1	11965	2102	4	7	15	15	0.735419535788636	-4.46340341115077	-1.37353980241187
"cell_377"	1	18695	2618	4	6	14	14	1.1240513646369	0.57098653202547	1.04973619847269
"cell_378"	1	9946	1878	4	30	8	8	0.645889758044824	-4.09218555678564	0.0191299858766911
"cell_379"	1	4616	1093	4	12	20	20	0.270366072867586	-3.40303689984736	3.91365838475403
"cell_380"	1	5567	1321	4	30	8	8	0.341459268189238	5.13588813053356	-0.356270762766395
"cell_381"	1	13522	2306	4	27	5	5	0.850246222220831	-2.07439055335534	-2.37918382729294
"cell_382"	1	19691	2713	4	2	2	2	1.21380220451665	1.2838443596141	-0.249983433223548
"cell_383"	1	15734	2525	4	25	31	31	1.08897338381521	0.00425110323328263	6.28734882525728
"cell_384"	1	20198	2751	4	5	13	13	1.28053444331152	-2.79745468545834	0.790870234558603
"cell_385"	1	12771	2205	4	29	7	7	0.794579215685886	0.132203270514563	2.08763257290675
"cell_386"	1	21269	2800	4	28	6	6	1.31469906279866	-1.3897103803599	-1.39997785974184
"cell_387"	1	17948	2611	4	26	32	32	1.11072217525969	-0.469595864851674	-0.386399524645044
"cell_388"	1	18063	2718	4	11	19	19	1.24493041717244	-1.82222729817175	-4.78639010752151
"cell_389"	1	11875	2154	4	30	8	8	0.723479417970092	1.30320191481001	0.914920818270729
"cell_390"	1	12576	2158	4	7	15	15	0.775525617102814	-1.45212870750772	-1.38700208321214
"cell_391"	1	30655	3182	4	24	4	4	1.921405330437	1.07436057237023	0.360516659113754
"cell_392"	1	12128	2080	4	27	5	5	0.730798123654653	-1.51013871207828	2.70647614270721
"cell_393"	1	15255	2388	4	15	22	22	0.926602043893619	-2.47149188548397	1.73297764091952
"cell_394"	1	14849	2408	4	6	14	14	0.938896800311368	0.567318142986118	-0.860463161949254
"cell_395"	1	9962	1918	4	24	4	4	0.603392360089719	-0.820527499288455	2.00916993121233
"cell_396"	1	10067	1908	4	13	3	3	0.617396210807564	0.211857263625528	-0.268879727193608
"cell_397"	1	13095	2295	4	1	1	1	0.845461752586794	2.32682547607608	1.45627859711872
"cell_398"	1	24013	2926	4	10	18	18	1.41677477234516	-0.563421822603041	0.295934064924802
"cell_399"	1	8481	1779	4	12	20	20	0.527410481752686	4.97469588342085	-0.471587250991496
"cell_400"	1	11615	2036	4	11	19	19	0.669358916464237	-4.60701357689298	0.916558122829921
"cell_401"	1	33395	3207	4	11	19	19	2.06131385240868	-0.880868788629743	0.474315742164491
"cell_402"	1	15460	2390	4	29	7	7	0.959044405697433	-0.812016245156015	2.81330817928682
"cell_403"	1	9886	1908	4	2	2	2	0.577930151729322	-1.79973378166207	-0.456532408761943
"cell_404"	1	18935	2595	4	13	3	3	1.12978531845271	2.38058102378575	0.216755270037475
"cell_405"	1	21774	2782	4	24	4	4	1.28941513993293	0.221931174536889	0.0870932089744615
"cell_406"	1	12541	2110	4	17	24	24	0.692861530484	0.514330491938241	-0.164098348608428
"cell_407"	1	12168	2159	5	28	6	6	0.799180558420259	-3.6020299618039	-1.34003561226866
"cell_408"	1	13363	2181	5	4	12	12	0.783629731192617	4.06313915529141	2.35785479429498
"cell_409"	1	19231	2725	5	13	3	3	1.20099727137162	1.88541643220146	1.73283515486743
"cell_410"	1	15968	2442	5	30	8	8	1.05996209102394	-3.22509994940398	0.383247359494406
"cell_411"	1	18333	2538	5	4	12	12	0.987947208902309	-0.777555393789399	3.76270354753109
"cell_412"	1	25269	3030	5	16	23	23	1.58042572252468	-1.21740634199853	-0.575064178057863
"cell_413"	1	9781	1847	5	22	29	29	0.627690838706669	0.277234241299691	-2.60608491618895
"cell_414"	1	16971	2548	5	22	29	29	1.05752093012929	0.706878915368136	-2.95927968216802
"cell_415"	1	14561	2262	5	7	15	15	0.842566897647063	-4.434851374814	-1.42041381948903
"cell_416"	1	28142	3034	5	12	20	20	1.64598504956732	-0.846083512624593	0.34234371515686
"cell_417"	1	16882	2545	5	19	26	26	1.02631325795614	-1.94147794205648	-0.452445568149324
"cell_418"	1	22516	2870	5	7	15	15	1.30417954725236	-2.18328768580997	-1.18133285000158
"cell_419"	1	19894	2659	5	16	23	23	1.20856847691371	-0.213840607635594	-0.402529003944584
"cell_420"	1	30927	3186	5	8	16	16	1.8494395713416	2.29654815842862	-1.33058079781937
"cell_421"	1	16231	2463	5	11	19	19	0.963469278448661	0.177572101455087	-0.895311772455807
"cell_422"	1	16360	2480	5	5	13	13	1.07026694624037	-0.674320118941923	0.404784330798664
"cell_423"	1	17552	2498	5	7	15	15	1.03377355708395	3.07604731944673	-2.12831356185846
"cell_424"	1	10299	1900	5	11	19	19	0.635297327881703	3.35065182144042	3.66009440436453
"cell_425"	1	2875	796	5	24	4	4	0.176493656287025	-0.492970137781545	3.96520088426627
"cell_426"	1	10229	1904	5	29	7	7	0.629317665141833	0.55607415970593	2.20879896973521
"cell_427"	1	22274	2834	5	2	2	2	1.34793851070635	1.84991620153827	-0.756791365922582
"cell_428"	1	7509	1591	5	1	1	1	0.446460913224045	-5.43657863670888	-0.294177336301582
"cell_429"	1	11036	2050	5	5	13	13	0.756122151803895	-2.42252296418672	-1.84097016050546
"cell_430"	1	28749	3146	5	5	13	13	1.70125833860391	-0.646658151297416	-1.28324652824379
"cell_431"	1	12241	2179	5	10	18	18	0.769272002426831	1.20027515868543	-2.6469049301874
"cell_432"	1	18580	2670	5	9	17	17	1.16776892112861	-3.68863720513187	-0.525914215658486
"cell_433"	1	25569	3037	5	21	28	28	1.58902321956439	-0.53683090180237	-0.209099880500751
"cell_434"	1	24627	2965	5	6	14	14	1.49610956355148	0.0710829064391204	-0.314643153828923
"cell_435"	1	23439	2820	5	30	8	8	1.41891843566796	3.80742190972022	2.07970090028277
"cell_436"	1	17833	2622	5	24	4	4	1.11672143010486	0.446841300938633	2.89471621039948
"cell_437"	1	6445	1373	5	8	16	16	0.393338893426359	4.05297184827073	0.0918959911742775
"cell_438"	1	19413	2681	5	24	4	4	1.21985878655263	-1.88476307236753	-0.937329974844056
"cell_439"	1	10565	1952	5	5	13	13	0.648399365760874	1.75274587797459	2.44555014891977
"cell_440"	1	12642	2115	5	9	17	17	0.72460038671169	0.496503545912856	-2.61500298950013
"cell_441"	1	25718	3022	5	27	5	5	1.55702554156432	-1.34829526639028	1.49274897327128
"cell_442"	1	21019	2729	5	15	22	22	1.3302774297657	0.932624140015962	-0.295060816320342
"cell_443"	1	13102	2281	5	2	2	2	0.819965647693583	3.20335016750326	-2.02357346225771
"cell_444"	1	13809	2247	5	2	2	2	0.84038401354424	3.01601483943839	-2.02479838972849
"cell_445"	1	22059	2784	5	27	5	5	1.34346269466338	-2.9922246091375	-0.672054345206939
"cell_446"	1	13435	2234	5	23	30	30	0.854147509890799	-1.46639139029781	2.15745020054863
"cell_447"	1	15123	2325	5	10	18	18	0.901198883645079	-3.57659360419684	1.22085947478643
"cell_448"	1	23800	2978	5	15	22	22	1.54606676380606	-0.912366353350359	-2.02152269991635
"cell_449"	1	25765	2914	5	13	3	3	1.53349240731157	0.248926938276683	0.560465343355788
"cell_450"	1	12467	2169	5	10	18	18	0.765743319533245	0.478067687166304	0.694525826201183
"cell_451"	1	16570	2488	5	29	7	7	1.02099003811267	1.67589507439086	4.20969852972484
"cell_452"	1	13464	2220	5	32	10	10	0.856362015735175	0.104273877268508	4.26687825693603
"cell_453"	1	18343	2565	5	12	20	20	1.058833944462	-1.21470125255065	0.98955448902333
"cell_454"	1	12118	2264	5	15	22	22	0.858154289221224	-1.79107918477314	-4.91879273468911
"cell_455"	1	23156	2837	5	28	6	6	1.39110388768691	-1.53708374857017	-2.39545560308222
"cell_456"	1	12715	2177	5	13	3	3	0.78290770089867	2.31714037974886	0.602275876898389
"cell_457"	1	12648	2171	5	28	6	6	0.761604001496131	0.47805121261268	2.15143833567957
"cell_458"	1	19567	2711	5	7	15	15	1.1743073025177	-1.44414442683865	0.437918297327278
"cell_459"	1	9669	1876	5	13	3	3	0.595322682843278	-4.71627143889157	-1.49597803902039
"cell_460"	1	10569	1877	5	14	21	21	0.595927165871701	1.22187387213399	-1.61469568182639
"cell_461"	1	15534	2395	5	24	4	4	0.975777774779993	0.772591030041895	0.194308460162549
"cell_462"	1	15246	2412	5	24	4	4	0.888610418535507	-1.60092505405496	-3.69617675500237
"cell_463"	1	5367	1261	5	13	3	3	0.364651671344637	3.32509547598928	3.23161345993793
"cell_464"	1	6753	1452	5	14	21	21	0.414521499055499	3.08841794974363	-2.39350985670089
"cell_465"	1	8307	1603	5	15	22	22	0.498016979323232	4.19107573218014	-0.687896652575325
"cell_466"	1	4113	1076	5	32	10	10	0.25070558924342	-4.49398839025724	0.0479022425880474
"cell_467"	1	14721	2406	5	11	19	19	0.914157314751592	1.16573149357339	-5.16006257597512
"cell_468"	1	19877	2728	5	10	18	18	1.21818018982379	0.388508211365961	1.31572829341368
"cell_469"	1	4744	1135	5	22	29	29	0.290605730422797	4.0955516850215	2.60424196672591
"cell_470"	1	12572	2141	5	29	7	7	0.783879031598464	1.11368487433344	1.63075536090922
"cell_471"	1	12455	2125	5	27	5	5	0.822163622776631	2.67493237198421	-1.31351800437146
"cell_472"	1	12387	2188	5	9	17	17	0.766478179656401	-3.22059979692943	0.261860840302191
"cell_473"	1	3782	1002	5	2	2	2	0.238450289755963	-5.42238626429929	-0.205747722020846
"cell_474"	1	17234	2543	5	15	22	22	1.068421884943	-1.98630635622025	-2.35078145119012
"cell_475"	1	9984	1917	5	30	8	8	0.629172408867012	3.31185822692879	1.87538263488464
"cell_476"	1	6175	1366	5	4	12	12	0.372687859419342	1.11288698075833	0.9180453330613
"cell_477"	1	20544	2745	5	3	11	11	1.26254495565606	-1.81043689031977	0.901298908410015
"cell_478"	1	20156	2685	5	14	21	21	1.24872810503275	1.17612455068692	-0.834748054456385
"cell_479"	1	23040	2861	5	31	9	9	1.39473007162968	-1.01527940278102	-0.222815554887022
"cell_480"	1	13620	2292	5	1	1	1	0.824608998543629	3.38771062537448	0.630010566062565
"cell_481"	1	14979	2341	5	14	21	21	0.887750581614042	1.03677417137344	-0.345500522427448
"cell_482"	1	24378	2956	5	5	13	13	1.52101541203405	0.451163646990352	-0.266825729567949
"cell_483"	1	6678	1468	5	27	5	5	0.420713590685638	-2.22355296193488	3.80157608846201
"cell_484"	1	26300	3011	5	27	5	5	1.59508306195278	0.0767932426149196	-1.48956760413493
"cell_485"	1	11302	2021	5	20	27	27	0.706219037251149	2.64158086621403	4.14509360350076
"cell_486"	1	21714	2852	5	28	6	6	1.39583396502409	-0.481000761961588	-1.35870456702317
"cell_487"	1	32184	3259	5	5	13	13	1.90026312437393	-2.43384528480907	-0.16215163013967
"cell_488"	1	16973	2516	5	6	14	14	1.01446585312753	-0.280301736976845	0.491450758230555
"cell_489"	1	14304	2273	5	6	14	14	0.861763532745542	0.555476620760126	-0.653587240224627
"cell_490"	1	24498	2931	5	2	2	2	1.52325825535051	2.60209076935022	-0.593761934288193
"cell_491"	1	19739	2672	5	27	5	5	1.28648448626278	2.28581394597132	-2.3344280507495
"cell_492"	1	25711	2938	5	5	13	13	1.59124460169794	1.06408330363984	-0.39897962613444
"cell_493"	1	19355	2648	5	10	18	18	1.16621853725906	1.84085217013501	2.12915481317084
"cell_494"	1	23885	2935	5	13	3	3	1.48838161592113	1.12846943349309	1.87537348609455
"cell_495"	1	12080	2174	5	32	10	10	0.763132963833823	0.923818670494818	4.47156049047897
"cell_496"	1	26719	3026	5	32	10	10	1.6057505885086	-0.780068121321857	-0.431253235734856
"cell_497"	1	21709	2809	5	2	2	2	1.30634402356958	1.17758760456712	1.46107081772451
"cell_498"	1	13710	2225	5	28	6	6	0.846311379948546	3.50973618049978	-1.69220274780485
"cell_499"	1	10642	2041	5	17	24	24	0.690133204469861	1.32941503897668	-1.80871443570488
"cell_500"	1	24565	2979	5	28	6	6	1.51405981912191	1.44624254625129	-0.521355767753147
"cell_501"	1	13075	2208	5	32	10	10	0.81843680515143	-0.0119068507158497	-0.188744274230267
"cell_502"	1	12747	2134	5	13	3	3	0.809154510283798	1.32975668208623	-0.431937085582137
"cell_503"	1	23220	2898	5	6	14	14	1.40259560760895	-0.576758342324657	-1.20961889292234
"cell_504"	1	17619	2591	5	5	13	13	1.11094483612675	0.660413771325883	-0.695748546252736
"cell_505"	1	19894	2735	5	2	2	2	1.19986785106059	0.792743029871914	1.07876887868832
"cell_506"	1	8794	1808	5	13	3	3	0.555841675716425	2.14887292805226	0.9950172637303
"cell_507"	1	9887	1905	5	2	2	2	0.653620538735032	2.30487183923824	3.06665597090714
"cell_508"	1	18334	2634	5	29	7	7	1.17087035197479	0.204337526699713	1.04143146057067
"cell_509"	1	10542	1990	5	4	12	12	0.661772453297778	3.80071823754523	2.435834485671
"cell_510"	1	14184	2364	5	13	3	3	0.82970237582088	3.71764870119052	-0.161296997614713
"cell_511"	1	13836	2286	5	28	6	6	0.826710366583567	2.11976865801921	-1.69994012930576
"cell_512"	1	10358	1867	5	6	14	14	0.613226256121	0.566215934489901	-1.45335440894966
"cell_513"	1	30467	3193	5	12	20	20	1.96352185559368	-0.986301585760093	0.602347322571679
"cell_514"	1	10440	1963	5	24	4	4	0.673220356629967	-1.74957747490293	0.27737721208318
"cell_515"	1	26113	2992	5	30	8	8	1.60504797049784	-3.2826721717472	0.625614634393828
"cell_516"	1	13743	2240	5	6	14	14	0.831521488842808	0.185671366973036	-2.13407202062386
"cell_517"	1	25461	2952	5	4	12	12	1.56792808234727	2.07767862399136	2.66319235349624
"cell_518"	1	20238	2685	5	16	23	23	1.18398149347943	1.13156549928896	-1.0819171932773
"cell_519"	1	22150	2869	5	22	29	29	1.37114810473861	0.206601086819319	-0.34032268240158
"cell_520"	1	17137	2531	5	28	6	6	1.04035458439063	1.46908761708389	-0.872387025941962
"cell_521"	1	16738	2494	5	4	12	12	1.01166557220249	0.0445545465122018	-0.729446291500815
"cell_522"	1	16084	2394	5	13	3	3	0.973605339677123	0.922480264738794	-1.41786372892795
"cell_523"	1	18269	2608	5	10	18	18	1.15181352298338	-0.955945716741847	1.18515922021289
"cell_524"	1	19558	2697	5	31	9	9	1.16009621084586	-1.05465721611094	0.5606635431384
"cell_525"	1	19727	2712	5	24	4	4	1.18121896069484	1.86439170394785	-0.610504300829605
"cell_526"	1	13454	2301	6	1	1	1	0.843380240933404	1.45852516761837	1.56277420667768
"cell_527"	1	17210	2579	6	13	3	3	1.03913172954531	-0.0161012904051164	0.874848541070193
"cell_528"	1	19143	2690	6	2	2	2	1.18095274400239	2.65802245209076	-2.92700622134223
"cell_529"	1	18431	2648	6	30	8	8	1.20836700239561	2.65466261209367	1.44219711202243
"cell_530"	1	35600	3315	6	3	11	11	2.23521124250738	-0.81542314813908	-1.66617070748439
"cell_531"	1	3324	899	6	30	8	8	0.214304019940695	-4.60506405050509	-0.349907890297886
"cell_532"	1	20812	2809	6	9	17	17	1.32418434345645	-1.84486921556184	-2.16869278442613
"cell_533"	1	23078	2879	6	27	5	5	1.40405613954477	0.143085493202298	-1.13258828387254
"cell_534"	1	1965	595	6	24	4	4	0.121948894783986	-4.94259432266186	-2.49586883646671
"cell_535"	1	13258	2187	6	9	17	17	0.781646231087748	-2.69277288396666	-2.25565981293046
"cell_536"	1	8645	1759	6	6	14	14	0.508239823204859	-2.59492438457675	-0.15017270491064
"cell_537"	1	13811	2354	6	2	2	2	0.847115578867299	0.114661568804642	-1.65259816437746
"cell_538"	1	11487	2052	6	1	1	1	0.680408283804112	-1.66694953715339	-2.99325230297875
"cell_539"	1	15253	2390	6	13	3	3	0.982141628226741	1.94662747499893	1.00767861688883
"cell_540"	1	16124	2531	6	31	9	9	1.01554920318156	-1.19887683030858	-0.0395231887323837
"cell_541"	1	21828	2879	6	8	16	16	1.35968812754175	-0.503580764861435	2.90062117551951
"cell_542"	1	14829	2384	6	13	3	3	0.940011300153337	2.17259919805708	0.473843234509885
"cell_543"	1	18358	2569	6	21	28	28	1.170542184792	-1.50898008063357	-0.725207902488292
"cell_544"	1	14017	2289	6	31	9	9	0.916615262073728	-1.10935041073579	0.194158557253253
"cell_545"	1	16513	2524	6	13	3	3	1.0748442367636	2.05408143631183	0.765913850629601
"cell_546"	1	19861	2744	6	24	4	4	1.23848171589177	1.3772798696522	3.67589034601684
"cell_547"	1	10516	1923	6	12	20	20	0.679266330831816	-1.21874332415795	4.53450709708414
"cell_548"	1	14698	2314	6	23	30	30	0.873179864458594	-0.610553200762579	-0.369766883181993
"cell_549"	1	9179	1850	6	11	19	19	0.590219833203902	3.64121662860795	-2.24839938275645
"cell_550"	1	13837	2307	6	8	16	16	0.883915208555839	-0.513846692078706	-2.18554848837173
"cell_551"	1	18631	2654	6	1	1	1	1.15816195025123	-2.12609967468286	1.81819179187083
"cell_552"	1	17907	2634	6	24	4	4	1.16402069025147	-0.305095407559679	0.473825286914605
"cell_553"	1	6292	1342	6	14	21	21	0.38620518825493	0.973117145738274	-2.49565476440485
"cell_554"	1	18500	2573	6	10	18	18	1.10638257809233	0.143037129220191	-1.6353470697316
"cell_555"	1	25244	2992	6	8	16	16	1.49537715000662	-0.0474977602406179	-1.38188795441294
"cell_556"	1	17404	2518	6	5	13	13	1.0698074182193	-0.637796126509956	-1.36797945627495
"cell_557"	1	19684	2755	6	13	3	3	1.17715248635695	1.93908119432294	0.463420558773435
"cell_558"	1	23451	2874	6	12	20	20	1.37990959140587	2.3110771350429	-2.6799180490179
"cell_559"	1	13441	2277	6	10	18	18	0.807733314319949	0.238552709342143	1.31466985076619
"cell_560"	1	26133	3084	6	28	6	6	1.58013331859873	3.04001304479303	-0.744265535652841
"cell_561"	1	8582	1780	6	30	8	8	0.561858616666287	-3.79456712369443	0.661874095765698
"cell_562"	1	4505	1193	6	23	30	30	0.292826221887644	-3.90525137268024	2.96158717408659
"cell_563"	1	8688	1800	6	11	19	19	0.543368367883194	4.8765628669113	-1.87972351592998
"cell_564"	1	13050	2258	6	29	7	7	0.847164585615826	0.888438098071867	4.56964951899873
"cell_565"	1	17879	2626	6	9	17	17	1.09309607758229	-1.22637971637884	1.20155617656575
"cell_566"	1	9779	1929	6	4	12	12	0.61611322097613	-0.945901513075887	3.24540034415393
"cell_567"	1	12795	2253	6	16	23	23	0.830531937502751	2.0483988773654	3.17188578977258
"cell_568"	1	19062	2701	6	24	4	4	1.13746697552188	-0.281773134305914	-4.97195456934756
"cell_569"	1	23113	2963	6	29	7	7	1.48764028022387	0.176013724694293	2.30229990295115
"cell_570"	1	8271	1738	6	5	13	13	0.523590940684349	2.852256283694	0.963281844562021
"cell_571"	1	18945	2680	6	14	21	21	1.18751622814824	-2.0182909373498	-0.0238849325704415
"cell_572"	1	20457	2747	6	7	15	15	1.22859443339132	-2.6732197217037	-1.18570981322709
"cell_573"	1	18841	2628	6	29	7	7	1.14408453033547	0.579566855349876	1.89919101898439
"cell_574"	1	7903	1657	6	5	13	13	0.496834925445479	-1.62496635718003	2.06565924732427
"cell_575"	1	22192	2888	6	28	6	6	1.36571088736067	-1.42074538405562	-0.524582690123903
"cell_576"	1	13567	2282	6	13	3	3	0.864668112937939	2.2332979481252	1.38989308105933
"cell_577"	1	10012	1906	6	27	5	5	0.583157480989044	-1.28615651630608	2.48653557717426
"cell_578"	1	13683	2349	6	29	7	7	0.833198787745569	0.0834621381610455	2.6391797651613
"cell_579"	1	11052	2017	6	4	12	12	0.700039558445595	-0.67543136233395	2.37719056946202
"cell_580"	1	12300	2164	6	2	2	2	0.757968752508233	2.13569192662415	-1.00943137936462
"cell_581"	1	11849	2091	6	11	19	19	0.745831193054484	1.01410404896342	-4.76659557412077
"cell_582"	1	15398	2450	6	7	15	15	1.00226519741502	-2.25805699479204	-1.02842221444737
"cell_583"	1	10333	1983	6	2	2	2	0.647026360440203	2.17496071813486	-1.47183964851733
"cell_584"	1	25313	2979	6	4	12	12	1.50371638587601	-0.925410849238984	1.58937044893009
"cell_585"	1	2786	811	6	15	22	22	0.183631515970313	-3.93095243542969	2.54929460936993
"cell_586"	1	20395	2629	6	11	19	19	1.23119921932275	1.8870284145589	0.622671977962261
"cell_587"	1	21013	2731	6	3	11	11	1.25313538032391	-0.146577921910549	0.641714472386568
"cell_588"	1	14201	2313	6	9	17	17	0.913765370532721	3.14967428442239	-1.71161145943721
"cell_589"	1	11863	2107	6	2	2	2	0.74215579073522	2.5320619659791	-0.610128586182716
"cell_590"	1	15889	2438	6	25	31	31	0.962901556724466	-3.82599471034586	3.02224238858281
"cell_591"	1	7645	1646	6	31	9	9	0.464110599920604	0.599639304788855	2.3462165915453
"cell_592"	1	21323	2762	6	1	1	1	1.33130775686297	-1.23961040074024	0.051788132045439
"cell_593"	1	21582	2867	6	30	8	8	1.32872388666413	-1.95407247572382	3.37728300539459
"cell_594"	1	8201	1723	6	2	2	2	0.508729059007139	1.51917979858236	-1.19381389886284
"cell_595"	1	14628	2346	6	15	22	22	0.900550953542314	-0.090071018049605	3.23954029312931
"cell_596"	1	13909	2296	6	30	8	8	0.850019837286633	3.15997608671653	3.23267084197469
"cell_597"	1	7870	1650	6	30	8	8	0.498388780265637	-2.63619315404131	1.58602136572375
"cell_598"	1	12694	2211	6	6	14	14	0.794377168737043	-2.96046728687595	-3.67461821736218
"cell_599"	1	13500	2319	6	12	20	20	0.888838239947625	-1.33403809099326	1.1490357940925
"cell_600"	1	16436	2467	6	8	16	16	1.01606116843337	-2.3753973931476	0.838471450757627
"cell_601"	1	16007	2493	6	3	11	11	0.99048426819717	-0.798954242778039	-2.45143595279946
"cell_602"	1	18639	2660	6	5	13	13	1.23801649868645	-1.53788550247562	1.89728118601355
"cell_603"	1	22929	2841	6	28	6	6	1.35848412937159	4.15685592006587	-1.14235352627648
"cell_604"	1	10789	2021	6	12	20	20	0.682317575181119	3.08639778914382	3.87394366915646
"cell_605"	1	16183	2467	6	24	4	4	1.0071661601234	0.187891271716242	0.688598127051302
"cell_606"	1	20965	2758	6	28	6	6	1.28906348001387	2.19621125752309	-0.73363539514013
"cell_607"	1	12347	2148	6	29	7	7	0.759074626345515	0.223451248366494	-3.54252336420801
"cell_608"	1	11446	2076	6	2	2	2	0.69793544810572	0.219597615362345	1.34102644241829
"cell_609"	1	21390	2758	6	27	5	5	1.30486411756173	-1.68579176736474	3.55802361746909
"cell_610"	1	11083	2098	6	8	16	16	0.659477136571014	-0.744343599489209	3.22124907621157
"cell_611"	1	17874	2577	6	1	1	1	1.13778229647968	-2.81621823216367	0.259037394755786
"cell_612"	1	15889	2425	6	2	2	2	0.904610413568389	2.31497920044449	-1.09817353328654
"cell_613"	1	13117	2216	6	11	19	19	0.776455592655464	4.9943853106469	-0.518476451955571
"cell_614"	1	12062	2128	6	6	14	14	0.71032986340466	-2.03639342899152	-3.91051501527986
"cell_615"	1	5090	1267	6	18	25	25	0.321104709357434	1.41368461526019	1.45123124336395
"cell_616"	1	20832	2745	6	1	1	1	1.29583077444966	3.18102225578274	1.7359570661763
"cell_617"	1	8332	1694	6	15	22	22	0.513109931608445	1.29260647506431	3.64715218036683
"cell_618"	1	25816	3043	6	32	10	10	1.59906939790598	4.15596226963229	-1.15054302755123
"cell_619"	1	14854	2405	6	4	12	12	0.908627350438807	-0.586890862221337	1.41918493574183
"cell_620"	1	12476	2187	6	27	5	5	0.762097326623864	-1.50387370256979	3.74538275713542
"cell_621"	1	19741	2703	6	11	19	19	1.23422895265977	-0.9666040599421	0.390212861074036
"cell_622"	1	24113	2927	6	9	17	17	1.46799523151498	-1.18409047576652	-0.750155669039282
"cell_623"	1	22430	2828	6	29	7	7	1.37789797967155	-0.0501458339356585	1.23143353897954
"cell_624"	1	13836	2299	6	15	22	22	0.833508510129044	-2.14130745528055	-2.45261211349524
"cell_625"	1	10607	1943	6	7	15	15	0.655597676570331	-4.16682712968285	-2.98627156542456
"cell_626"	1	16637	2500	6	5	13	13	1.05163181921011	2.08437690058033	4.37061548366051
"cell_627"	1	21384	2843	6	4	12	12	1.4028808669465	-3.28473434455666	0.245737899667186
"cell_628"	1	21400	2806	6	7	15	15	1.32943082469672	-2.22931531322315	-1.19552870818177
"cell_629"	1	10314	2144	6	5	13	13	0.738905445242863	-0.468618801344375	-3.72553854462934
"cell_630"	1	12840	2157	6	5	13	13	0.739215090578398	0.0937246121216114	-2.53376884240452
"cell_631"	1	22596	2843	6	28	6	6	1.40929376270316	0.850181685229619	-0.43348597376665
"cell_632"	1	20078	2722	6	2	2	2	1.19777460170174	2.23318067850515	-0.197693938809795
"cell_633"	1	11501	2102	6	14	21	21	0.68372283064853	1.89034861515622	0.125386601958762
"cell_634"	1	19877	2663	6	24	4	4	1.22807060852342	-0.669568866086894	2.14173077659381
"cell_635"	1	20320	2745	6	9	17	17	1.20541542072197	-2.30350291666474	-1.84995981757622
"cell_636"	1	18107	2600	6	24	4	4	1.15002319418716	0.672295748323651	0.210018022595881
"cell_637"	1	27895	3031	6	4	12	12	1.75256567725392	0.043056985166625	0.621003092191321
"cell_638"	1	22341	2888	6	15	22	22	1.3882941956548	-0.280691334674063	-1.90642852350589
"cell_639"	1	17060	2539	6	15	22	22	1.02012736408181	-1.05765655479931	-2.68677791190174
"cell_640"	1	15412	2389	6	4	12	12	0.938423027698865	5.02460329633131	-0.395190361736463
"cell_641"	1	17611	2622	6	4	12	12	1.1166931278311	0.121964908332261	1.67692475295095
"cell_642"	1	14169	2349	6	32	10	10	0.870761520549583	0.466719294961538	-2.20892584145977
"cell_643"	1	14619	2391	6	3	11	11	0.904303955365938	0.574404408458555	-0.978998485524309
"cell_644"	1	26581	3026	6	31	9	9	1.62858769914585	-1.18416020229211	-0.730481084667509
"cell_645"	1	8122	1686	7	5	13	13	0.522468303020352	-3.35349582740567	1.3446373300113
"cell_646"	1	26990	3120	7	13	3	3	1.75599390324193	1.43532731743558	2.28725596564277
"cell_647"	1	9105	1763	7	15	22	22	0.543056330450727	0.884825341650429	-2.22000989708933
"cell_648"	1	21865	2883	7	8	16	16	1.35425967194101	2.29477645273306	-1.69833923705511
"cell_649"	1	12761	2223	7	8	16	16	0.824619698560426	2.23696210221449	-3.4770545598902
"cell_650"	1	12002	2112	7	18	25	25	0.729611737369264	-4.89151302302863	2.12323367018407
"cell_651"	1	22164	2857	7	6	14	14	1.41192075893679	-1.06631249049878	-0.976684768281989
"cell_652"	1	13495	2268	7	12	20	20	0.86166442377094	-4.30726803116843	3.45191307132642
"cell_653"	1	11917	2190	7	27	5	5	0.744949903167822	-2.10322993843013	4.62887893993401
"cell_654"	1	13874	2253	7	2	2	2	0.875393481778659	2.2338886733339	-1.62075653223267
"cell_655"	1	18597	2623	7	27	5	5	1.17158897960659	2.48751101819222	3.92019069435373
"cell_656"	1	2383	721	7	29	7	7	0.149610775416449	-4.96965768084691	1.50483934082437
"cell_657"	1	13949	2320	7	29	7	7	0.873331616238402	-0.213271468316188	2.64344694904799
"cell_658"	1	15276	2447	7	2	2	2	0.925371278580645	-2.42546390380444	2.47855769497388
"cell_659"	1	20251	2782	7	7	15	15	1.25884934294888	-2.2644356044406	-1.0518903456335
"cell_660"	1	7178	1521	7	8	16	16	0.429195696766611	1.57701071254091	1.69654221894221
"cell_661"	1	19792	2696	7	7	15	15	1.16083026758296	-1.37479297243512	-1.68462098747741
"cell_662"	1	29007	3120	7	16	23	23	1.8480335013955	-0.693298882054186	-1.03231949441513
"cell_663"	1	20285	2722	7	20	27	27	1.30882911424438	0.0641420113869305	-0.973394120859214
"cell_664"	1	11223	2054	7	18	25	25	0.686003893708522	-0.240661936061921	3.43954488087803
"cell_665"	1	14802	2416	7	31	9	9	0.964207507756439	-0.282295142319982	-1.79405055496814
"cell_666"	1	19166	2678	7	9	17	17	1.2039455017004	0.170266332673042	-2.03684423092699
"cell_667"	1	7013	1558	7	14	21	21	0.426714844429144	2.06315913413724	4.59272137222602
"cell_668"	1	19080	2679	7	32	10	10	1.1543110473361	-0.626567713640894	0.467184239158393
"cell_669"	1	26803	3054	7	6	14	14	1.62307313193025	0.57425354428165	-0.636406070322095
"cell_670"	1	14263	2260	7	6	14	14	0.872070189571072	-2.1065239161925	-1.8961165477998
"cell_671"	1	9745	1935	7	17	24	24	0.621881778272316	-0.58600381053808	-4.30588885645672
"cell_672"	1	17922	2579	7	32	10	10	1.11756059373084	-0.153155063516582	-0.492803753835681
"cell_673"	1	20960	2689	7	1	1	1	1.25983118173854	-1.19435097245538	-1.59185873147696
"cell_674"	1	11848	2062	7	11	19	19	0.753434165014726	-1.03584187510404	0.141823706884258
"cell_675"	1	12384	2188	7	16	23	23	0.740244442373652	-1.29257045891549	-1.40584075209069
"cell_676"	1	10107	1961	7	7	15	15	0.607181420145018	-4.17008880109082	-2.88261419061534
"cell_677"	1	16585	2493	7	29	7	7	1.01498796900366	-1.16363433967878	2.05903481377292
"cell_678"	1	18735	2651	7	16	23	23	1.10994968765292	1.51427502876451	-1.40722470664557
"cell_679"	1	22096	2853	7	16	23	23	1.29000014882871	-0.456507157586788	-0.349900576156976
"cell_680"	1	21873	2862	7	10	18	18	1.418007696902	0.160992749917644	0.585816626541557
"cell_681"	1	15651	2542	7	1	1	1	0.966826935706582	2.31523513942811	1.44707631341845
"cell_682"	1	26169	3056	7	28	6	6	1.60100170305076	-4.14166190721689	3.46403543046873
"cell_683"	1	19265	2723	7	28	6	6	1.18932651941974	-2.16738000517823	1.15071697201711
"cell_684"	1	21376	2811	7	28	6	6	1.33082102335964	1.7932975937275	-2.19560793495246
"cell_685"	1	25524	3045	7	3	11	11	1.57369334725502	0.896034143301833	-2.64654034978667
"cell_686"	1	20712	2810	7	9	17	17	1.34943619170651	-2.37280243407142	-0.600946361938663
"cell_687"	1	8113	1726	7	6	14	14	0.527770300940524	0.848594627564591	0.869757325548952
"cell_688"	1	15510	2454	7	27	5	5	0.99539414871547	-0.247568242466167	2.85767499267157
"cell_689"	1	21144	2776	7	9	17	17	1.25988035051494	0.488262737965357	-4.19517732970289
"cell_690"	1	10014	1909	7	4	12	12	0.613425192383545	-2.80475654597411	0.507171612884589
"cell_691"	1	17098	2594	7	28	6	6	1.04905574595471	0.171227421074829	2.5271773768658
"cell_692"	1	8725	1780	7	27	5	5	0.529249261382064	-3.43259459140886	-2.02746008919349
"cell_693"	1	23426	2925	7	6	14	14	1.48152961855138	0.0199959605796864	-0.615782706123854
"cell_694"	1	18078	2674	7	16	23	23	1.14129159387975	-2.24024400770752	1.22665161798328
"cell_695"	1	21157	2786	7	14	21	21	1.30893278802794	-4.00843198017166	-1.25927714238346
"cell_696"	1	8895	1832	7	4	12	12	0.588778143874828	-0.795092771439301	1.63358862467555
"cell_697"	1	19552	2662	7	27	5	5	1.18746406108382	-1.77283206349389	3.38277581292008
"cell_698"	1	26363	3008	7	2	2	2	1.71115805084131	1.79491164561411	-0.489236424070781
"cell_699"	1	16111	2458	7	2	2	2	1.03985855540827	2.13126676625652	3.36810886723094
"cell_700"	1	12664	2164	7	13	3	3	0.800461197962198	2.15555908949116	1.4233223576064
"cell_701"	1	29211	3115	7	23	30	30	1.71404921092952	-0.730122415268755	2.00741442245354
"cell_702"	1	7239	1608	7	24	4	4	0.449552715468646	-4.88632802705733	-1.53778801598002
"cell_703"	1	9390	1838	7	24	4	4	0.545730783135919	-1.4924845351216	0.747239718254539
"cell_704"	1	11407	2132	7	5	13	13	0.708353338324161	1.29568239323755	-0.101236936114137
"cell_705"	1	12733	2140	7	30	8	8	0.7772224877348	-3.6041860132351	-0.120120750983877
"cell_706"	1	29126	3164	7	9	17	17	1.82052198688264	-1.63041893618	-0.491685879935911
"cell_707"	1	17597	2643	7	24	4	4	1.08854873953384	-0.0370440740699558	0.409483041975627
"cell_708"	1	14063	2279	7	2	2	2	0.872109001916723	0.227429546345888	-2.06508708365851
"cell_709"	1	15655	2397	7	15	22	22	0.954801375457976	-0.984900049266153	-3.0293424623766
"cell_710"	1	12564	2181	7	13	3	3	0.792387104167618	-1.39915546908517	2.63100458021685
"cell_711"	1	22621	2846	7	4	12	12	1.33553037498402	-0.344932205917297	1.09201193057303
"cell_712"	1	14842	2364	7	13	3	3	0.911944669841324	1.00819232551665	0.14582230917963
"cell_713"	1	22687	2848	7	2	2	2	1.40055487149583	-0.178433103932073	-0.789386183438072
"cell_714"	1	21717	2787	7	24	4	4	1.36310094294937	0.465061131215209	3.58157868801377
"cell_715"	1	7236	1626	7	27	5	5	0.401372633478355	-3.11161432763599	0.0189804423397061
"cell_716"	1	13884	2456	7	25	31	31	0.921327081501414	0.00269902687601307	6.29798179645338
"cell_717"	1	18241	2599	7	12	20	20	1.1162195190045	1.9639758045191	-2.13635793784731
"cell_718"	1	13931	2265	7	9	17	17	0.807348067677745	-0.996198409381756	-0.600395675052564
"cell_719"	1	14394	2381	7	6	14	14	0.909498291135127	-2.79680794025885	-0.249746605970805
"cell_720"	1	14575	2389	7	1	1	1	0.935141444501008	2.33945750736303	1.56115069476656
"cell_721"	1	18295	2662	7	31	9	9	1.13119688609665	-1.01964105739749	0.933542132969884
"cell_722"	1	26563	3019	7	1	1	1	1.68097977780811	-0.39690336259537	-1.52450815187731
"cell_723"	1	6822	1563	7	7	15	15	0.457398776586046	-3.04110187931974	-2.87495781278498
"cell_724"	1	11485	2061	7	32	10	10	0.719305125159453	1.16362951891421	-2.31815798594187
"cell_725"	1	15574	2465	7	1	1	1	0.949123576037075	-1.34548395421389	-1.55997669947944
"cell_726"	1	24034	2943	7	16	23	23	1.51918891762689	-0.704807656559512	-0.918648244727991
"cell_727"	1	17141	2565	7	12	20	20	1.09250145590728	-0.347406343976239	4.41840722274037
"cell_728"	1	26674	3081	7	17	24	24	1.69324958919026	1.43368121938715	-2.30451227174807
"cell_729"	1	14599	2361	7	30	8	8	0.922414381366544	-2.91896193977633	0.846596418583341
"cell_730"	1	10686	1967	7	2	2	2	0.665381801508747	1.12746706020675	-0.8691014811078
"cell_731"	1	7928	1657	7	31	9	9	0.49464299512341	5.16783446013607	-1.47651359583633
"cell_732"	1	21993	2826	7	7	15	15	1.38098340960414	0.742281694639238	0.460909511959262
"cell_733"	1	23569	2887	7	27	5	5	1.47624742325809	-1.68320423082071	-1.86408888736352
"cell_734"	1	30645	3268	7	2	2	2	1.84464835929703	2.03480339231818	-0.840715076450197
"cell_735"	1	18193	2616	7	3	11	11	1.10104924015474	-0.786133916177754	-0.479604419473727
"cell_736"	1	12137	2132	7	5	13	13	0.733017127655829	1.58769757406528	0.308820058403513
"cell_737"	1	15147	2346	7	11	19	19	0.957488471955995	-2.16992169669111	1.74907051045708
"cell_738"	1	6722	1522	7	13	3	3	0.407757742827615	4.46884577423715	1.93415395294693
"cell_739"	1	14438	2325	7	10	18	18	0.916128611652672	-1.03133940834166	0.134314204192981
"cell_740"	1	12828	2144	7	29	7	7	0.803175958796924	-3.32716770440352	2.62425672779864
"cell_741"	1	15826	2435	7	29	7	7	0.958744629777964	-2.63626353721184	2.27672192801984
"cell_742"	1	22291	2819	7	25	31	31	1.37785491740652	-2.01539841050801	3.40043290793904
"cell_743"	1	29371	3186	7	28	6	6	1.76907232960197	2.13747797297304	-1.24968148303143
"cell_744"	1	21949	2821	7	29	7	7	1.33187019154336	-0.533700605852514	1.76060302224484
"cell_745"	1	11321	2095	7	14	21	21	0.735744003880003	1.37712094722937	-0.753909971991725
"cell_746"	1	24381	2961	7	17	24	24	1.60209744800657	3.4695104053969	-0.389232608075919
"cell_747"	1	12782	2238	7	11	19	19	0.848918472009499	-1.975199058111	2.45947865500459
"cell_748"	1	16441	2484	7	2	2	2	0.997438723621129	4.62374827703121	-1.85593015192459
"cell_749"	1	16436	2522	7	5	13	13	1.11406232409248	2.70623631895293	-0.0467049365573584
"cell_750"	1	23306	2910	7	7	15	15	1.44052511786193	-2.75364611445736	-1.51042732123439
"cell_751"	1	23780	2934	7	13	3	3	1.41040956008459	1.9735539764422	0.521106998338652
"cell_752"	1	18298	2643	7	28	6	6	1.13957467804793	-1.18303765660046	3.09088140129864
"cell_753"	1	24898	3010	7	5	13	13	1.54158483815247	-1.9138736766238	2.27535944864824
"cell_754"	1	22230	2840	7	24	4	4	1.38613406328751	-2.42546638545535	-1.52731808261973
"cell_755"	1	17172	2552	7	24	4	4	1.08873245180394	1.35499945839226	1.46587586628642
"cell_756"	1	17203	2554	7	2	2	2	1.05024501465328	0.762776918933583	0.0861262503389126
"cell_757"	1	15339	2435	7	7	15	15	0.956237259108411	-3.05520945983323	-1.73408674772574
"cell_758"	1	21984	2793	7	10	18	18	1.30655384070139	0.688079814813264	1.77572142701471
"cell_759"	1	10370	1991	7	13	3	3	0.674592000061133	3.45604165395417	-1.99431227189923
"cell_760"	1	20545	2730	7	30	8	8	1.24434449914312	-3.09871130383636	0.233609804307178
"cell_761"	1	18051	2565	7	14	21	21	1.11383370808634	0.955372489194096	-1.7327745402694
"cell_762"	1	23424	2836	7	10	18	18	1.42387347528393	-1.3063060444087	-0.555415329571626
"cell_763"	1	12809	2220	7	29	7	7	0.766750229344544	-0.133872293248482	1.80966694870922
"cell_764"	1	14390	2403	8	1	1	1	0.900543720306746	-3.2585435446616	2.08261634384129
"cell_765"	1	13662	2336	8	7	15	15	0.839715838077911	1.87977780014881	-1.6472238221114
"cell_766"	1	7103	1588	8	15	22	22	0.467486085170375	1.9034560803173	-3.86218597015866
"cell_767"	1	19742	2720	8	31	9	9	1.19030262228125	-0.796397294455142	-0.87181444155332
"cell_768"	1	5667	1328	8	2	2	2	0.34271092893186	1.27508652835704	2.96752843189448
"cell_769"	1	18327	2618	8	1	1	1	1.1255476479353	-1.40811366977973	-0.387310346375387
"cell_770"	1	17722	2622	8	8	16	16	1.15336420168331	2.94603962475729	2.2086295863751
"cell_771"	1	11575	2103	8	30	8	8	0.754081939779794	3.71428653800307	0.921160425682419
"cell_772"	1	11909	2085	8	2	2	2	0.796144660647978	-1.88072638447367	-2.64347321318346
"cell_773"	1	13830	2342	8	6	14	14	0.834495945678187	-1.01042071574295	-1.33908189801692
"cell_774"	1	18191	2558	8	27	5	5	1.12001219910361	-1.86333987027049	3.59754105684471
"cell_775"	1	24464	2965	8	14	21	21	1.50509193835369	1.54106791209739	-5.02586905738918
"cell_776"	1	16298	2494	8	14	21	21	0.999193201640757	-3.34796860261802	2.23262977342691
"cell_777"	1	11945	2180	8	32	10	10	0.75282923023481	0.636834843040807	1.18805490388998
"cell_778"	1	14863	2349	8	29	7	7	0.888043881195187	-0.507267889964132	-2.87171765375367
"cell_779"	1	10605	1966	8	32	10	10	0.663845429394343	2.73325841634149	0.32964634764647
"cell_780"	1	11220	2061	8	29	7	7	0.689344536383201	-3.3479705865374	-0.922781014666045
"cell_781"	1	16385	2483	8	27	5	5	1.02592823841047	2.19774073754165	-4.02469458085815
"cell_782"	1	15668	2484	8	5	13	13	1.00776801829514	-2.08755076041786	-1.49468656609764
"cell_783"	1	13859	2233	8	31	9	9	0.833209404684378	-3.72292718917074	2.46578112497023
"cell_784"	1	23562	2940	8	7	15	15	1.53216353709632	-3.04938724662821	-1.75908561289594
"cell_785"	1	21433	2851	8	15	22	22	1.38172202681934	-1.13384521839087	-1.97407372109919
"cell_786"	1	19731	2755	8	3	11	11	1.19940509701641	-0.576647659406247	-2.56056444545672
"cell_787"	1	21942	2791	8	31	9	9	1.39415966026751	-2.06272762483819	0.483050074360451
"cell_788"	1	23803	2912	8	1	1	1	1.53128138386713	-1.25436528125516	-0.535812406679537
"cell_789"	1	12440	2210	8	31	9	9	0.809520033032838	-1.4568787603486	-0.184837115592622
"cell_790"	1	8239	1711	8	8	16	16	0.513941723221575	2.54409413831146	-0.214141318365662
"cell_791"	1	7605	1649	8	3	11	11	0.493188572077245	-1.17380404788417	-3.44207571165855
"cell_792"	1	10358	1947	8	8	16	16	0.644710713191884	-0.3468750747158	3.88996477839181
"cell_793"	1	8742	1737	8	28	6	6	0.557809741594577	-3.18610673990792	3.80992674157968
"cell_794"	1	12268	2147	8	3	11	11	0.793553766023825	2.05022112247162	-4.40175674696026
"cell_795"	1	9415	1889	8	8	16	16	0.609528228364345	-0.697921761178156	3.53290051337143
"cell_796"	1	18187	2656	8	13	3	3	1.17591713071728	1.10460280578389	2.65342038613145
"cell_797"	1	14524	2349	8	27	5	5	0.875188285538061	-4.10964625214819	1.87517738963153
"cell_798"	1	12085	2227	8	30	8	8	0.729510977565255	3.26246183454461	1.92425951844497
"cell_799"	1	1878	564	8	3	11	11	0.105590118864228	-4.18179557442331	-3.61766795349971
"cell_800"	1	15182	2393	8	8	16	16	0.933289177373144	1.85707450550354	-2.5855692661716
"cell_801"	1	11481	2010	8	18	25	25	0.710365854674352	0.512422407283382	4.49447009655671
"cell_802"	1	14777	2361	8	29	7	7	0.908021970856707	-0.270160675153975	1.41177309839405
"cell_803"	1	14782	2416	8	24	4	4	0.943179185265092	-0.910659165022406	-2.08188057466853
"cell_804"	1	10039	1930	8	3	11	11	0.656195844754806	-3.48617495982997	-1.00450331294969
"cell_805"	1	24618	2947	8	15	22	22	1.52975881415347	1.33154068499949	0.563026723404697
"cell_806"	1	16508	2537	8	20	27	27	1.05778998841672	-0.714968016910753	-2.11259008250073
"cell_807"	1	8081	1709	8	24	4	4	0.515292733374885	4.56907881760833	-2.43704275400001
"cell_808"	1	20749	2752	8	31	9	9	1.27156409317264	-1.25683703677403	-0.260739717332705
"cell_809"	1	23061	2937	8	1	1	1	1.4673993067476	2.7099019068998	1.27911533811516
"cell_810"	1	22898	2895	8	3	11	11	1.37655111149203	-2.36777197455816	1.35345013281803
"cell_811"	1	13608	2383	8	32	10	10	0.867940312482818	2.63229187326085	0.0413708573803157
"cell_812"	1	10892	2005	8	10	18	18	0.652363869154137	-1.95816693398444	0.275376834445976
"cell_813"	1	9800	1910	8	31	9	9	0.624252446205871	-0.935806379396796	-3.57986876034883
"cell_814"	1	17791	2639	8	12	20	20	1.1111833342183	1.22857403453086	3.3262099551463
"cell_815"	1	20381	2709	8	31	9	9	1.25360680415489	-1.71476903838786	-0.251097387142708
"cell_816"	1	11947	2138	8	31	9	9	0.767769092283951	-2.05555110839784	-0.713623300098503
"cell_817"	1	16333	2473	8	10	18	18	0.97024018404455	-1.2011355082201	-0.688284355316791
"cell_818"	1	20573	2784	8	31	9	9	1.34590240900652	-1.51908158157772	1.17780901758003
"cell_819"	1	24776	2991	8	1	1	1	1.54267706337096	-0.785913422492295	-0.782017013709505
"cell_820"	1	13215	2272	8	9	17	17	0.852781312939954	2.27607308596497	-2.40859370267398
"cell_821"	1	13932	2347	8	1	1	1	0.927073831781621	2.36347396702948	2.44833230964859
"cell_822"	1	20548	2816	8	24	4	4	1.27154551502763	0.869102118043706	1.65526697701097
"cell_823"	1	11650	2023	8	15	22	22	0.735056200484363	3.7911111762732	-0.605812496140092
"cell_824"	1	22897	2890	8	1	1	1	1.35892893956413	2.95422202831756	1.89321987680541
"cell_825"	1	7507	1615	8	1	1	1	0.470223117114444	-4.06153149955787	0.0791645068237194
"cell_826"	1	12814	2198	8	30	8	8	0.806374691949525	3.12687128594607	1.94621913792444
"cell_827"	1	12036	2113	8	28	6	6	0.795208186163144	0.654964638002624	1.9051936348332
"cell_828"	1	15351	2451	8	30	8	8	0.977240575504181	-2.47433119462986	-0.21222496568056
"cell_829"	1	13795	2277	8	12	20	20	0.843854572032065	2.50623132190691	2.69637425475206
"cell_830"	1	9008	1855	8	6	14	14	0.559121073574938	0.948776445801576	-3.58426329541207
"cell_831"	1	11811	2152	8	13	3	3	0.761262739332604	2.19825578620084	2.32221606015943
"cell_832"	1	14447	2340	8	32	10	10	0.895720662571684	-0.175563954210075	0.529051908564214
"cell_833"	1	13809	2287	8	27	5	5	0.835582299568413	0.253483778132748	-1.67704508196068
"cell_834"	1	17035	2557	8	32	10	10	1.10173001842158	-0.848650285744912	-3.98704159081923
"cell_835"	1	17714	2579	8	3	11	11	1.1323693065727	-0.418658949896343	-3.6316258987323
"cell_836"	1	22027	2820	8	20	27	27	1.3645998479064	-0.879341088722325	-1.95994346029362
"cell_837"	1	18866	2677	8	10	18	18	1.19326984110583	-0.237758611529365	-1.00729617951466
"cell_838"	1	15772	2452	8	4	12	12	0.954436300001145	-2.03316447852992	4.43229631868684
"cell_839"	1	19079	2659	8	23	30	30	1.19166252651096	-0.119258618316526	0.905484233579203
"cell_840"	1	15257	2382	8	27	5	5	0.935921593887821	-5.35805998476368	0.659383697371556
"cell_841"	1	17417	2576	8	12	20	20	1.13434089638761	1.48343619340955	1.89684768212649
"cell_842"	1	10459	1952	8	29	7	7	0.62924063705211	0.268821514762526	1.51343006787715
"cell_843"	1	16215	2520	8	12	20	20	1.03338314944459	2.6366169237634	2.68830018132707
"cell_844"	1	15648	2491	8	1	1	1	0.995974148644518	1.79188853299957	3.06057638501795
"cell_845"	1	12171	2196	8	9	17	17	0.767669555774343	-2.26300140565042	-0.62002840907101
"cell_846"	1	7577	1674	8	16	23	23	0.485409847587536	0.660997379905345	4.42720432238802
"cell_847"	1	22903	2870	8	27	5	5	1.42408070657235	2.07917542990733	-4.39734231084977
"cell_848"	1	9208	1844	8	8	16	16	0.556183242903437	2.92428786909181	-2.38299856203733
"cell_849"	1	13861	2324	8	2	2	2	0.863788338680545	2.17378003059604	-2.82595231279418
"cell_850"	1	13587	2244	8	31	9	9	0.905690508262228	4.36034764408344	0.71948151096401
"cell_851"	1	37244	3370	8	1	1	1	2.39036280668926	1.27929142030676	2.29613557123368
"cell_852"	1	20689	2723	8	24	4	4	1.23563105375985	1.66874781658208	-2.11339512848011
"cell_853"	1	6850	1552	8	32	10	10	0.430848988718598	5.16238493439026	-0.10137823373801
"cell_854"	1	26079	3014	8	31	9	9	1.66007102123715	-0.543436261509097	-3.24584048830995
"cell_855"	1	13141	2233	8	24	4	4	0.856193061692709	1.2249810819921	0.137527187803743
"cell_856"	1	16112	2467	8	3	11	11	1.04177292006795	-0.676153581622084	-1.63340713042264
"cell_857"	1	13729	2267	8	3	11	11	0.813638070620539	-0.634679817228954	-2.64890512191291
"cell_858"	1	20507	2741	8	11	19	19	1.23106189279872	-2.2913924461527	-1.81466985843452
"cell_859"	1	20576	2783	8	28	6	6	1.38155705160179	1.49280726379496	-1.67285610988076
"cell_860"	1	6023	1414	8	31	9	9	0.377919618328632	-3.50372429021092	2.04445032910999
"cell_861"	1	5416	1303	8	31	9	9	0.316954076730336	-4.20550283678885	-3.35213749818378
"cell_862"	1	13218	2250	8	8	16	16	0.827511379426148	-0.0985851887585231	2.24588048294883
"cell_863"	1	11779	2151	8	13	3	3	0.75010672242861	1.76250997908706	0.233688153689231
"cell_864"	1	9631	1896	8	28	6	6	0.605602600357662	-3.48027891503039	-0.888117285322514
"cell_865"	1	11912	2148	8	1	1	1	0.764162451489903	-2.11353970667966	-3.12138540911235
"cell_866"	1	10618	2051	8	1	1	1	0.667709462052268	2.51907888808873	2.39536926973314
"cell_867"	1	26104	3029	8	19	26	26	1.65381415911915	2.73047027748939	-3.50846277540707
"cell_868"	1	15762	2441	8	30	8	8	0.986747107393355	-2.22687904219048	0.828220494067595
"cell_869"	1	9111	1826	8	30	8	8	0.569662510737827	0.28201528310711	3.47574773660035
"cell_870"	1	24712	2973	8	8	16	16	1.51839264128323	2.51858447442736	-0.612953773469412
"cell_871"	1	22344	2870	8	28	6	6	1.37066709047952	4.84600252989056	-0.471160558307876
"cell_872"	1	25441	3049	8	1	1	1	1.62103312236728	-2.38571599768239	-1.9938057627384
"cell_873"	1	10504	1975	8	1	1	1	0.658303336214172	0.158712869675096	-2.60240879083447
"cell_874"	1	21178	2816	8	3	11	11	1.35604518094469	2.13092427136819	0.106781950149221
"cell_875"	1	21838	2818	8	13	3	3	1.38421847074423	1.13188758690548	1.32823543454297
"cell_876"	1	18788	2668	8	1	1	1	1.21754720032407	-3.00409527424093	1.27923549980717
"cell_877"	1	14738	2348	8	12	20	20	0.932199034966122	2.74900344060084	2.54598673288263
"cell_878"	1	12802	2213	8	4	12	12	0.84662613738305	-3.07642697929678	3.24280194533022
"cell_879"	1	9417	1887	8	15	22	22	0.584442979432567	-3.07642698969182	3.02368106724915
"cell_880"	1	18325	2604	8	1	1	1	1.1456201398681	2.95248097518241	1.26358115193679
"cell_881"	1	20407	2752	8	9	17	17	1.25189321435052	0.0487503631536613	2.17877201914646
"cell_882"	1	14151	2398	9	1	1	1	0.884245059294824	1.03938966124984	-3.99914973597968
"cell_883"	1	5719	1331	9	24	4	4	0.360864442012809	3.6150693279432	-0.183740567114156
"cell_884"	1	13361	2275	9	28	6	6	0.842762996583229	2.64754490636474	-0.845993195517325
"cell_885"	1	18273	2675	9	1	1	1	1.16010595905064	2.6407138478289	1.54844265250199
"cell_886"	1	11284	2070	9	1	1	1	0.699015201281289	-2.17437768386465	1.36103471857053
"cell_887"	1	15422	2389	9	1	1	1	0.972606820193333	0.509057372908648	-2.98789646929693
"cell_888"	1	24219	2998	9	28	6	6	1.62286445788563	0.446149673756065	1.32229824327592
"cell_889"	1	10050	1935	9	13	3	3	0.643378281483061	-0.139542592132373	4.20947236259194
"cell_890"	1	7012	1521	9	15	22	22	0.453492032371934	3.96593772486001	-2.89604133722747
"cell_891"	1	9169	1873	9	1	1	1	0.593499955953277	1.70711143408908	-3.28385698591014
"cell_892"	1	20741	2763	9	18	25	25	1.24644173331537	-0.659321949684014	-1.41748257146752
"cell_893"	1	27669	3136	9	3	11	11	1.70477265344887	-0.594692041894043	-2.72396905887552
"cell_894"	1	21199	2859	9	30	8	8	1.34423481734758	3.51952874819011	1.14849159588352
"cell_895"	1	22174	2867	9	1	1	1	1.30956966860325	-0.18554557215496	-3.62828885492312
"cell_896"	1	12248	2170	9	7	15	15	0.769269360142826	4.92967410533343	0.780885833144834
"cell_897"	1	18165	2625	9	1	1	1	1.1806719207331	1.70029064435105	4.43466917313501
"cell_898"	1	3761	1041	9	15	22	22	0.261301538756495	-1.68501206161075	-3.86073834659823
"cell_899"	1	21144	2801	9	1	1	1	1.31939903263015	1.11938342981864	2.62039286939514
"cell_900"	1	14629	2426	9	1	1	1	0.912420889836981	-3.16652658051596	1.1600254427497
"cell_901"	1	11466	2120	9	31	9	9	0.73310713286423	-2.96000225013389	-2.62545603974521
"cell_902"	1	9555	1908	9	1	1	1	0.593880923349013	4.80152871892492	1.38311548818122
"cell_903"	1	16235	2491	9	30	8	8	0.956965111985479	-3.0113091278359	0.512311166987161
"cell_904"	1	24701	2973	9	1	1	1	1.51042725391229	1.07279923061798	-3.73544286098406
"cell_905"	1	18764	2718	9	2	2	2	1.19290445649456	0.887121573076992	2.28473610776899
"cell_906"	1	8244	1689	9	11	19	19	0.515963302811312	0.855973652423693	-1.47180404076823
"cell_907"	1	23189	2913	9	31	9	9	1.46193024466948	-1.44284705899974	-0.362852409966841
"cell_908"	1	7178	1486	9	4	12	12	0.456332495554103	-0.315253249643011	2.76852253200385
"cell_909"	1	8914	1834	9	20	27	27	0.574451156742227	-2.19380781290365	-0.620271210406402
"cell_910"	1	23787	2906	9	1	1	1	1.46653544544617	3.12469015863545	1.62441282212186
"cell_911"	1	21269	2818	9	30	8	8	1.34768341300708	-3.32757735991543	0.739023180633192
"cell_912"	1	12806	2174	9	31	9	9	0.791831372122617	-2.79769825821669	1.43507053958234
"cell_913"	1	21815	2794	9	2	2	2	1.3601650499057	-2.23233775711811	-1.22081685732447
"cell_914"	1	19119	2684	9	1	1	1	1.1606599019714	1.21584429806712	-2.39843777893752
"cell_915"	1	22295	2809	9	1	1	1	1.36836594353301	-0.812613217061991	-0.732524734551398
"cell_916"	1	7584	1631	9	1	1	1	0.465090384396016	3.90727425796561	0.809368509990847
"cell_917"	1	20866	2816	9	1	1	1	1.26499635428592	2.08870295761465	1.04918896693144
"cell_918"	1	15243	2434	9	13	3	3	1.00525513981738	1.72697040154072	2.01312095809707
"cell_919"	1	22205	2865	9	27	5	5	1.3977859363928	0.365308374115476	-0.478499980845726
"cell_920"	1	15386	2427	9	4	12	12	0.959780992477005	0.584278856495208	1.7403510412513
"cell_921"	1	11425	2056	9	28	6	6	0.730300904054019	2.99173579812128	-1.26915791344574
"cell_922"	1	12957	2216	9	1	1	1	0.784686171870625	4.44367535947635	2.13921028673161
"cell_923"	1	21450	2866	9	10	18	18	1.38488255960344	-0.613850265275427	0.559747791798042
"cell_924"	1	16500	2558	9	30	8	8	0.988612223598998	3.15446741866302	2.15537222140244
"cell_925"	1	13202	2299	9	2	2	2	0.815975761064286	2.12206228199557	-1.64709370846573
"cell_926"	1	13985	2345	9	2	2	2	0.898954180530103	-2.71644173430581	4.17000594809729
"cell_927"	1	12662	2136	9	15	22	22	0.714342035057096	2.96712853899873	-0.786241580119421
"cell_928"	1	21371	2785	9	24	4	4	1.2938785163527	0.943207699684822	0.327812286385864
"cell_929"	1	21492	2756	9	18	25	25	1.25906142650533	0.0403007226872328	-1.52604142006463
"cell_930"	1	12556	2264	9	1	1	1	0.809581416224118	-4.97741281601094	1.40604145003497
"cell_931"	1	21286	2789	9	19	26	26	1.32643007229295	0.156985933727956	-0.833752618490998
"cell_932"	1	13413	2199	9	30	8	8	0.795933868036018	-1.77229900945043	-3.35387295465699
"cell_933"	1	1833	583	9	1	1	1	0.11546204573281	4.6130499185138	-2.51748198082035
"cell_934"	1	8835	1736	9	27	5	5	0.533784667909629	2.70134477164105	-3.61415769069078
"cell_935"	1	6545	1525	9	1	1	1	0.415469659378694	1.17775631639652	3.81297583591409
"cell_936"	1	17236	2578	9	1	1	1	1.03505719968256	1.19646428563414	-3.33420315950808
"cell_937"	1	9438	1851	9	31	9	9	0.579063645994008	-0.72862620120572	-2.82815620047246
"cell_938"	1	12838	2267	9	14	21	21	0.816746839234019	-0.726250815971493	1.62546191368787
"cell_939"	1	9414	1855	9	31	9	9	0.597474620676458	-2.63233565988784	-3.48858191109517
"cell_940"	1	16446	2494	9	7	15	15	0.997928650963252	-4.39880452443967	-1.43968612448379
"cell_941"	1	17180	2556	9	8	16	16	1.09026923859484	1.49157022656021	4.46930946018447
"cell_942"	1	15264	2440	9	12	20	20	0.952859354446249	-0.479301953931347	0.838929672742219
"cell_943"	1	10511	2018	9	5	13	13	0.663366075004475	1.46475271905663	-2.6254359913316
"cell_944"	1	25027	3040	9	1	1	1	1.66150513350548	0.952859742500046	2.69688781451799
"cell_945"	1	12133	2189	9	27	5	5	0.755174360981505	-2.61815447651455	2.3385791907747
"cell_946"	1	22897	2924	9	12	20	20	1.50887433167902	-0.176262728973901	0.184672889732888
"cell_947"	1	26138	2992	9	32	10	10	1.54343360622841	-1.47430303278336	-1.88947138298938
"cell_948"	1	29003	3153	9	6	14	14	1.83138597638801	0.91444760657803	-2.8357367735999
"cell_949"	1	23138	2898	9	29	7	7	1.47657351798212	2.15927451843809	-4.10605314740888
"cell_950"	1	11277	2087	9	28	6	6	0.706776966246807	-0.29039599389511	-2.73168859295141
"cell_951"	1	18629	2572	9	1	1	1	1.14418644309165	1.28881111281866	3.01556506312497
"cell_952"	1	18742	2622	9	1	1	1	1.13158756789455	2.28334913634997	2.23038134524155
"cell_953"	1	7177	1537	9	31	9	9	0.447087561596484	-1.51841880718237	-1.27430439461811
"cell_954"	1	14051	2308	9	14	21	21	0.889405019213346	1.16467676547252	3.46336344054051
"cell_955"	1	15938	2457	9	16	23	23	0.997235040694501	-1.30133313980842	-0.750970397785393
"cell_956"	1	12553	2230	9	12	20	20	0.770096480621175	-4.31304578057309	3.45410386577904
"cell_957"	1	14338	2302	9	1	1	1	0.910741904972354	3.45890590805612	1.01536492248052
"cell_958"	1	18395	2662	9	2	2	2	1.15699150344068	3.26249220200354	-3.82371957433082
"cell_959"	1	17009	2531	9	18	25	25	0.986635492288505	0.625296643962158	-0.0410426394954259
"cell_960"	1	6575	1456	9	15	22	22	0.383704625832498	-3.71271591261312	-3.76399705995963
"cell_961"	1	17431	2557	9	17	24	24	1.07607731273691	-0.442873031144219	-4.93895004649465
"cell_962"	1	18140	2685	9	30	8	8	1.14918557393808	0.00348319253076714	-3.72258374210793
"cell_963"	1	22006	2835	9	13	3	3	1.33573635432644	0.838141539843401	0.928532267586849
"cell_964"	1	23742	2911	9	1	1	1	1.48785155262355	1.18810752243952	-3.75977595215348
"cell_965"	1	16684	2558	9	28	6	6	1.00900537615366	1.26460249633821	0.546589718282623
"cell_966"	1	7590	1620	9	1	1	1	0.486260213174484	-2.95716690613877	-4.25176634010975
"cell_967"	1	13174	2323	9	1	1	1	0.840723641393697	0.473640432521509	1.79577963638565
"cell_968"	1	15069	2393	9	14	21	21	0.931781945037303	1.3452832398311	0.50265274793569
"cell_969"	1	8718	1777	9	1	1	1	0.548371538710745	-0.768530215231555	-1.16344676385022
"cell_970"	1	22245	2820	9	18	25	25	1.36577744548332	0.253310386829217	3.52833418003581
"cell_971"	1	19881	2737	9	24	4	4	1.27871719448413	4.17823111153823	2.43594094535663
"cell_972"	1	20580	2769	9	31	9	9	1.27858222734696	-0.157217162332632	-3.80420958996229
"cell_973"	1	9128	1841	9	1	1	1	0.565249366464842	2.12410739834936	-4.56568287231556
"cell_974"	1	15946	2476	9	1	1	1	0.955680361332151	3.0848544275788	1.75732214243936
"cell_975"	1	14085	2340	9	1	1	1	0.948142232822734	0.53861397058218	-3.09929768370198
"cell_976"	1	19832	2648	9	1	1	1	1.17618970256388	2.33253099844711	1.53406594596458
"cell_977"	1	15609	2447	9	1	1	1	0.948199949360993	1.35125539202888	2.30149785698859
"cell_978"	1	17010	2530	9	1	1	1	1.08591893603489	1.75457503206891	2.54571429944352
"cell_979"	1	22491	2803	9	14	21	21	1.45909015607823	2.24183913822081	0.430520780154971
"cell_980"	1	20513	2768	9	4	12	12	1.3286240098274	1.03615923739223	2.91479512803182
"cell_981"	1	17555	2596	9	29	7	7	1.08915273916223	0.196450119441669	1.56243246922215
"cell_982"	1	24846	2954	9	8	16	16	1.48321010582927	1.00095672479479	2.22929914191529
"cell_983"	1	11622	2098	9	1	1	1	0.724961515906202	2.65461414794247	1.54686990490957
"cell_984"	1	15249	2478	9	2	2	2	0.954058600567098	1.11825117689036	3.34323385244138
"cell_985"	1	29277	3144	9	1	1	1	1.88982797453184	-0.161966572276318	-3.08694564813252
"cell_986"	1	12031	2130	9	1	1	1	0.748097473314281	-3.22891750619882	-2.94475264593451
"cell_987"	1	14765	2361	9	7	15	15	0.945688015036652	0.497235945346422	-3.97285397419807
"cell_988"	1	18253	2613	9	1	1	1	1.13713382382582	3.17645109823545	2.96557975106527
"cell_989"	1	8052	1726	9	7	15	15	0.498110099932658	-3.03708071744964	-1.51943741946158
"cell_990"	1	20741	2739	9	1	1	1	1.30207088775494	2.97359474162733	1.7810261519193
"cell_991"	1	14040	2316	9	27	5	5	0.869881015646802	-3.29285883154714	-2.93270029468949
"cell_992"	1	14734	2347	9	19	26	26	0.965986602720343	0.705978999185212	0.496606721111891
"cell_993"	1	16019	2475	9	8	16	16	1.04353954204783	-1.11709931659169	-2.13016853131515
"cell_994"	1	20395	2737	9	31	9	9	1.20656412619404	1.55886138681196	-5.02666437977279
"cell_995"	1	3885	1035	9	24	4	4	0.242778745362722	4.99327795773108	1.38160025780093
"cell_996"	1	8583	1781	9	3	11	11	0.54498221724173	-0.60911063570782	-3.79184868758312
"cell_997"	1	4910	1231	9	1	1	1	0.299899899947638	3.80362899998345	0.385914563462557
"cell_998"	1	15340	2404	9	22	29	29	0.949853854577089	0.822952149303985	-3.26093759893285
"cell_999"	1	23665	2901	9	3	11	11	1.5056443616138	-0.792966706716436	-3.87322226449836
"cell_1000"	1	13197	2254	9	1	1	1	0.813374824400706	5.0133341555053	0.682501911551138
